canon_id,rtc_section,claim,n_commenters_model,commenters_shown,vehicle_rtc,vehicle_fr,sprm_fr
6.10|12,6.10,"The DOE Climate Working Group was a de facto federal advisory committee established and used by DOE/EPA in violation of FACA — no charter, GSA/DOE registration, public notice, open meetings (at least 18 secret meetings), records disclosure, or fairly balanced membership (five hand-picked contrarian authors, with inappropriate influence by Secretary Wright) — as recognized by a federal court and c…",25,"Adam D. Orford and 16 other law professors and legal schola…; Attorneys General of Massachusetts, New York, California, a…; Individual commenter; Center for Biological Diversity (Shaye Wolf, Ph.D.; Emily D…; Center for Biological Diversity, Clean Air Task Force, Eart…; Climate Science Legal Defense Fund and Jacobs Institute of …",dismissed_out_of_scope,dismissed_out_of_scope,not_addressed
5.9|2,5.9,"Environmental regulation, including the Endangerment Finding and Clean Air Act technology-forcing vehicle standards, drives innovation, confers early-mover advantage, creates new industries and jobs, and strengthens rather than harms U.S. competitiveness and exports (Porter Hypothesis and motor-vehicle innovation research); investing in emission-reducing technology positions American businesses a…",18,"Caroline Solomon, Natural Resources Defense Council (NRDC); Deep South Center for Environmental Justice (DSCEJ), Dr. Be…; Electric Drive Transportation Association (EDTA); Environmental Defense Fund et al. (coalition of environment…; Environmental Law Project (Maria Savasta-Kennedy, Clinical …; Individual commenter",dismissed_out_of_scope,not_addressed,not_addressed
5.11|24,5.11,"Repeal would shift preventable illness costs onto families, insurers, hospitals and local public health systems — more ER visits and hospitalizations, higher premiums, missed school and work days, heat-illness and asthma treatment costs, lost tourism, strained emergency and monitoring capacity (e.g., diesel pollution costs Oregonians $2 billion/year) — costs EPA's proposal ignores and states cann…",16,"Alliance of Nurses for Healthy Environments (ANHE); Amanda Rawls; Audubon Colorado Council; Connecticut League of Conservation Voters (Lori Brown, Exec…; Dom Altomari (National Climate Fellows Team, Change the Cha…; Individual commenter",dismissed_out_of_scope,not_addressed,not_addressed
5.11|28,5.11,"The aggregate existing health burden of fossil fuel and transportation air pollution is enormous — attribution studies finding ~100,000 (60,000–350,000) U.S. premature deaths annually (about half from fossil fuel combustion), ~$820–886 billion in annual U.S. health costs, vehicle-related health costs exceeding $240 billion/year, 91,000 deaths from oil and gas pollution, and 8–8.7 million deaths g…",16,"Individual commenter; Brian Lestini, MD PhD; Healthy Climate Maryland; Luan Jenifer, CEO & President, Miller/Howard Investments, I…; Individual commenter; Maryland Native Plant Society (MNPS)",dismissed_out_of_scope,not_addressed,not_addressed
3.1|313,3.1,"EPA cannot lawfully rely on the DOE CWG report because of fatal procedural defects: it was drafted in secret in under two months by five hand-picked contrarian authors toward a predetermined conclusion with undisclosed conflicts, received only internal/anonymous DOE clearance rather than the independent external peer review required for influential scientific information/Highly Influential Scient…",14,"Individual commenter; Individual commenter; Individual commenter; Attorneys General of Massachusetts, New York, California, a…; Individual commenter; Individual commenter",dismissed_out_of_scope,dismissed_out_of_scope,not_addressed
5.9|6,5.9,"GHG regulation has driven large and fast-growing clean energy, efficiency and clean-tech employment (e.g., solar jobs tripling to ~280,000, 2.3 million efficiency jobs, 3.3 million clean-tech jobs paying 15% above average, 59% of new 2023 energy-sector jobs, New Jersey's ~60,000 clean energy jobs), and rescission would eliminate these well-paying jobs rather than strengthen the economy.",13,"Andrew Werthmann; Brian Lestini, MD PhD; Business Council for Sustainable Energy (BCSE); Elevate (Elevate Energy), Heather Allen, Senior Policy Dire…; Individual commenter; Maryland Native Plant Society (MNPS)",dismissed_out_of_scope,not_addressed,not_addressed
5.13|0,5.13,"Climate change is a national security threat multiplier, as documented by the Department of Defense, the intelligence community, and military leaders, and EPA ignored these security harms in rescinding the Endangerment Finding.",12,Individual commenter; Amanda Rawls; Individual commenter; Center for Climate and Energy Solutions (C2ES); Environmental Defense Fund (EDF); Institute for Policy Integrity at New York University Schoo…,dismissed_out_of_scope,not_addressed,not_addressed
5.8|34,5.8,"Observed climate and extreme weather damages already impose enormous and rising U.S. costs (e.g., 403 billion-dollar disasters totaling $2.9 trillion since 1980; $149.3 billion average annual 2020–2024; $182.7 billion in 2024; over $1 trillion in global 2024 losses; rising home and auto insurance premiums and utility costs), so claims that inaction costs are unmeasurable or negligible are wrong.",11,"Amanda Rawls; Individual commenter; Great Rivers Environmental Law Center (Caitlin Stiltner, St…; Individual commenter; Regina Harmon, Chief Executive Officer, Food Recovery Netwo…; Individual commenter",dismissed_out_of_scope,not_addressed,not_addressed
5.9|1,5.9,"Retreating from GHG regulation would cede U.S. leadership, investment, talent and market share in the broader global clean-technology and clean-energy transition (including clean shipping and low-carbon construction materials) to European and Asian competitors.",11,"Alice Freund; Ceres (organizer) on behalf of 59 undersigned companies and…; City of Santa Barbara, California (Mayor Randy Rowse); Hower Impact LLC; LJ Ventures; PEPC LLC",dismissed_out_of_scope,not_addressed,not_addressed
5.11|17,5.11,"Peer-reviewed epidemiology establishes that traffic-related pollution and long-term PM2.5 exposure are causally associated with a broad spectrum of serious outcomes — premature death, heart disease and stroke, childhood asthma onset (up to 18% of new cases) and hospitalization, lung cancer (15% of lung cancer deaths), bronchitis, diabetes, dementia, impaired lung development, school absences, and…",11,"Individual commenter; Individual commenter; City of Laredo, Texas (Resolution No. 2025-R-255; Mayor Dr.…; Claudia Persico, PhD; Health Professionals for a Healthy Climate (Kathleen Schule…; Katy Yaroslavsky, Councilwoman, Fifth District, Los Angeles…",dismissed_out_of_scope,not_addressed,not_addressed
5.12|52,5.12,"Historical experience shows Clean Air Act and related regulation delivers benefits vastly exceeding costs (benefit-cost ratios above 30:1 in EPA's Second Prospective Study, $1.3 trillion in 1990 Amendment benefits, 230,000 lives saved in 2020, 17 of 20 clean air rules net-beneficial, and ~$270 billion/year in health and climate benefits from 2008–2017 reductions in per-mile on-road emission facto…",11,"American College of Occupational and Environmental Medicine…; Individual commenter; Individual commenter; BlueGreen Alliance (Margaretta Veltri, Federal Policy Manag…; Change the Chamber; Dom Altomari (National Climate Fellows Team, Change the Cha…",dismissed_out_of_scope,dismissed_out_of_scope,dismissed_out_of_scope
7.5|8,7.5,"Record evidence—the Administrator's and officials' public statements (e.g., driving 'a dagger into the heart of the climate change religion'), litigation disclosures, energy-dominance directives, and congressional oversight findings—shows EPA prejudged the outcome and that its stated rationales are pretextual rather than an impartial review of the science.",9,"350 Sacramento; Attorneys General of California, Massachusetts, New York et…; Attorneys General of Massachusetts, New York, California, a…; Center for Biological Diversity, Clean Air Task Force, Eart…; Confederated Tribes of the Grand Ronde Community of Oregon …; Environmental Defense Fund",not_addressed,not_addressed,not_addressed
5.13|21,5.13,"Abandoning federal climate standards cedes clean energy, EV, and critical mineral supply chain leadership to China and the EU, undermining U.S. competitiveness, geopolitical standing, and national security; EPA failed to consider this (e.g., China produces ~70% of global EVs; EU bans ICE sales by 2035).",9,"Advanced Field Technologies LLC (Derrek Faber, CEO); American Honda Motor Co., Inc.; BlueGreen Alliance (Margaretta Veltri, Federal Policy Manag…; Environmental Defense Fund et al. (coalition of environment…; Individual commenter; League of Women Voters of the United States",dismissed_out_of_scope,not_addressed,not_addressed
5.11|25,5.11,"Climate change imposes large quantified health and economic damages that repeal exacerbates — extreme heat costing near $100 billion annually now and ~$500 billion/year by 2050, thousands of additional U.S. heat-related deaths per year by mid-century, wildfire smoke health costs ~$16 billion/year, and ~1.4 million additional premature deaths worldwide.",9,"Air Alliance Houston (AAH), Stop TXDOT I-45, Friends of Fon…; Clean Water Action et al. (coalition of 19 organizations in…; Dom Altomari (National Climate Fellows Team, Change the Cha…; Environmental Caucus of the Young Democrats of America (YDA…; Erika Pietrzak; Individual commenter",dismissed_out_of_scope,not_addressed,not_addressed
3.1|266,3.1,"The DOE Climate Working Group (CWG) report is substantively scientifically unreliable and cannot support rescission because it cherry-picks data, time windows and metrics, misrepresents the work of cited researchers (e.g., Mohaddes, Hausfather, who publicly objected), uses faulty or absent statistics, overstates uncertainty, rehashes debunked claims and omits contrary peer-reviewed literature — a…",8,"198 methods et al. (coalition of ~70 environmental justice,…; 350 Sacramento; Alan R.P. Journet, Ph.D., Cofacilitator, Southern Oregon Cl…; American Meteorological Society (AMS); Individual commenter; Individual commenter",dismissed_out_of_scope,dismissed_out_of_scope,not_addressed
5.10|19,5.10,"Renewables plus storage are technically capable, reliable, and the fastest/cheapest resources to meet rising demand from AI and advanced manufacturing, improving rather than degrading reliability and affordability.",7,"Brian Lestini, MD PhD; Ceres (Zach Friedman, Senior Director of Federal Policy); Ceres (organizer) on behalf of 59 undersigned companies and…; Clean Energy Fund of the Carolinas (Co-Executive Director); Natural Resources Defense Council (NRDC); Our Children's Trust (Julia Olson, Co-executive Director an…",dismissed_out_of_scope,not_addressed,not_addressed
5.11|36,5.11,"Fossil fuel production and supply-chain (methane) emissions co-emit hazardous air pollutants — at least 61 HAPs including benzene (a Group 1 carcinogen with no safe threshold), hexane, toluene and hydrogen sulfide — with field imaging of 1,300+ super-emitter events showing >99% produced benzene above state health benchmarks up to two miles away and studies (Colorado School of Public Health childh…",7,"Center for Coalfield Justice (CCJ); Earthworks; Individual commenter; Individual commenter; Individual commenter; Physicians, Scientists, and Engineers for Healthy Energy (P…",dismissed_out_of_scope,not_addressed,not_addressed
7.5|46,7.5,"Scientific uncertainty does not justify inaction, refusal to characterize and quantify risks, or refusal to analyze plausibly substantial benefits; EPA may act on reasonable scientific judgment rather than definitive proof (Coalition for Responsible Regulation; Public Citizen v. FMCSA), and precaution counsels minimizing low-probability catastrophic harms.",7,"198 methods et al. (coalition of ~70 environmental justice,…; American Thoracic Society (ATS); Individual commenter; Brad Guy, Architect, AIA (Material Reuse LLC); Center for Biological Diversity, Clean Air Task Force, Eart…; Individual commenter",dismissed_out_of_scope,dismissed_out_of_scope,dismissed_out_of_scope
5.9|13,5.9,"Policy reversal would chill or drive abroad private clean-energy and clean-technology investment (capital is already leaving the U.S.), whereas stable, durable, technology-neutral federal frameworks better support investment, innovation, jobs and demand for products like carbon-negative materials and circular-economy solutions; global low-carbon investment reached $2.1 trillion in 2024 and must g…",6,"Chicory Wealth; Etica Funds (Etica Sgr) – Aldo Bonati, Stewardship and ESG …; Metropolitan Washington Council of Governments, Climate, En…; National Stewardship Action Council (NSAC); Tarek Maassarani, CEO, Geopolymer International, LLC; US Sustainable Investment Forum (US SIF), Bryan McGannon, M…",dismissed_out_of_scope,not_addressed,not_addressed
5.13|4,5.13,"Climate impacts such as sea level rise, coastal erosion, and permafrost thaw physically threaten specific U.S. military installations and degrade military readiness, endangering service members.",6,"Individual commenter; Environmental Protection Network (EPN); House Sustainable Energy & Environment Coalition (SEEC), Re…; Jennifer L. McClellan et al. (Virginia Congressional Delega…; Vet Voice Foundation (Janessa Goldbeck, CEO); Woodwell Climate Research Center",dismissed_out_of_scope,not_addressed,not_addressed
5.13|5,5.13,"Climate-driven food and water shortages, conflict, and refugee/migration flows abroad threaten U.S. interests and security, supporting continued GHG regulation.",6,"Climate Reality Project, Portland, Oregon Chapter (Katherin…; Environmental Defense Fund (EDF); Faiths Connect for Climate Action; Maryland Native Plant Society (MNPS); Michael C. MacCracken; Individual commenter",dismissed_out_of_scope,not_addressed,not_addressed
7.7|15,7.7,"Abandoning federal GHG regulation and MRV frameworks will harm U.S. exporters' market access and competitiveness under foreign climate-trade measures—most notably the EU Carbon Border Adjustment Mechanism beginning in 2026—by exposing them to border charges, data/verification gaps, and perceptions of unstable U.S. climate governance.",5,Individual commenter; Individual commenter; Business Roundtable; Climate Pierce County (Evlondo Cooper); Schlumberger Technology Corporation (SLB),not_addressed,not_addressed,not_addressed
5.2.2|10,5.2.2,"Because renewables and efficiency are now the cheapest resources, repealing the finding and suppressing clean energy in favor of fossil generation (including forcing uneconomic coal plants to stay open) will raise electricity prices and customer bills for decades, reduce grid flexibility, and disproportionately burden economically vulnerable households.",5,"Clean Energy Fund of the Carolinas (Co-Executive Director); Climate Reality Project, Portland, Oregon Chapter (Katherin…; Maryland Native Plant Society (MNPS); Rogue Climate; Town of Washington Grove, Maryland (John Compton, Mayor; Ro…",not_addressed,not_addressed,not_addressed
7.5|15,7.5,"EPA failed to seriously consider the major harms the reversal imposes on cities, local governments, communities, infrastructure, and municipal budgets from accelerating climate disasters and local climate hazard/infrastructure vulnerability.",5,"Brad M. Cavanagh, Mayor, City of Dubuque, Iowa; City of Laredo, Texas (Resolution No. 2025-R-255; Mayor Dr.…; Climate Action Santa Monica; National League of Cities, U.S. Conference of Mayors, Clima…; Public Rights Project (on behalf of undersigned local gover…",dismissed_out_of_scope,dismissed_out_of_scope,not_addressed
6.11|13,6.11,"Limited access to and capacity of health care and disaster-recovery resources in low-income, rural, remote, and Tribal areas (e.g., rural Alaska; safety-net clinics facing climate-disaster surges; costly repairs to homes, infrastructure, and agricultural lands) magnifies the health risks of the rollback for already-burdened populations.",5,"Aliados Health (Tracy Mendez, Chief Executive Officer); Arizona State University Sandra Day O'Connor College of Law…; Cheyenne River Long-Term Recovery Group (Art Rave, Director); Spokane Riverkeeper; The Alaska Center (Jennifer Hyde, Federal Infrastructure Co…",not_addressed,not_addressed,not_addressed
5.9|15,5.9,"Unabated climate change damages jobs and revenue in natural-resource-dependent sectors: the $1.1 trillion outdoor recreation economy and over 5 million jobs (including rural gateway and winter tourism communities with 60+ million annual skier visits), $55.6 billion in output and 415,000 jobs tied to national parks, and Chesapeake Bay fisheries.",5,"Chesapeake Bay Foundation, Inc. (CBF); Clean Water Action et al. (coalition of 19 organizations in…; PEPC LLC; Individual commenter; Winter Wildlands Alliance (David Page, Executive Director)",dismissed_out_of_scope,not_addressed,not_addressed
5.11|5,5.11,"Existing Clean Air Act protections grounded in the Endangerment Finding already deliver large documented public health gains (nearly 80% reductions in six common pollutants, ~30,000 to 230,000+ premature deaths prevented annually, ~$275 billion in yearly societal savings) that rescission would forfeit.",5,"Individual commenter; Climate Pierce County (Evlondo Cooper); Individual commenter; Hoosier Environmental Council (David Van Gilder, Senior Pol…; Kirk Kirkland, Environmental Coalition of Pierce County",dismissed_out_of_scope,not_addressed,not_addressed
3.2|57,3.2,"Beyond vehicles, the technologies needed to cut GHG emissions economy-wide (renewables with storage, efficient building design, clean grid, transit) are commercially available, cost-effective and demonstrated at scale, refuting any general claim that no requisite technology exists.",4,"American Institute of Architects (AIA); Business Council for Sustainable Energy (BCSE); Individual commenter; Our Children's Trust (Julia Olson, Co-executive Director an…",dismissed_out_of_scope,not_addressed,not_addressed
5.13|6,5.13,"Rescission generally threatens national security, resilience funding, military assets, and EPA's authority to address a major security threat.",4,"Individual commenter; Environmental Health Students; League of Women Voters of Greater Columbia, SC - Environmen…; Verdani, LLC (d/b/a Verdani Partners)",dismissed_out_of_scope,not_addressed,not_addressed
5.11|34,5.11,"Rescission would increase mercury and other toxic metal emissions — as EPA itself projects — contaminating fish and the food supply and posing long-term risks including to the pancreas, liver and blood-brain barrier.",4,"Change the Chamber; Dom Altomari (National Climate Fellows Team, Change the Cha…; Erika Pietrzak; Individual commenter",dismissed_out_of_scope,not_addressed,not_addressed
5.8|39,5.8,"The DOE/Climate Working Group report's critique of the SCC is one-sided and unfounded: it overstates invalidity, emphasizes low-damage studies by its own authors, omits major peer-reviewed work supporting EPA's upward revisions along with fat-tail risk and omitted-damages research, inconsistently relies on the SCC to argue against abatement while discrediting it, and offers no alternative valuati…",4,"Adam D. Orford and 16 other law professors and legal schola…; Attorneys General of Massachusetts, New York, California, a…; Center for Biological Diversity (Shaye Wolf, Ph.D.; Emily D…; Resources for the Future (RFF)",dismissed_out_of_scope,not_addressed,not_addressed
3.1|530,3.1,"Natural variability cannot explain recent warming: satellite/NOAA observations show total solar irradiance flat or declining since ~1980–1986 while temperatures rose rapidly (even extreme TSI reconstructions imply only ~15% of forcing since 1850–1900), and claims that ENSO or ocean cycles (AMO/PDO) explain warming are statistically and physically unfounded (the PDO is consistent with red noise ra…",4,"Center for Progressive Reform (Victor B. Flatt, Rachel Roth…; Individual commenter; Individual commenter; Kyle Armour; Michael (Mike) Aucott, Ph.D.; Protect Penn-Trafford (Protect PT)",dismissed_out_of_scope,not_addressed,not_addressed
5.8|32,5.8,"Recent macroeconomic damage research shows far larger climate costs than EPA assumes — Kotz et al. (Nature) projecting ~$38 trillion in annual global damages and ~19% per capita income loss by 2049, and Bilal & Känzig's 12% world GDP loss per 1°C (roughly six times prior estimates) implying an SCC of ~$1,367/ton — which the proposal overlooks.",4,"Cathy Becker, Green America; Center for Biological Diversity, Clean Air Task Force, Eart…; Individual commenter; Individual commenter",dismissed_out_of_scope,dismissed_out_of_scope,not_addressed
6.10|9,6.10,"EPA must fully consider and respond to Indigenous knowledge submitted in this proceeding, which alongside scientific evidence demonstrates that greenhouse gases cause harmful climate change.",3,"Akiak Native Community (DoraAnn Kozevnikoff, Tribal Adminis…; Chinik Eskimo Community (Native Village of Golovin), Dean P…; Native Village of Kipnuk (Kipnuk Traditional Council)",dismissed_out_of_scope,dismissed_out_of_scope,not_addressed
5.8|37,5.8,"The aggregate uninternalized externalities of fossil fuel emissions exceed their economic value (e.g., $87 trillion present value of U.S. companies' future emissions; coal's $500/ton social cost versus $125 of electricity; ~38 Gt/yr global emissions burden), and these costs are borne by citizens and businesses regardless of whether government values them.",3,"Individual commenter; Our Children's Trust (Julia Olson, Co-executive Director an…; US Sustainable Investment Forum (US SIF), Bryan McGannon, M…",dismissed_out_of_scope,not_addressed,not_addressed
5.8|36,5.8,"Specific sectoral and regional climate damage estimates demonstrate large costs EPA ignored, including up to $135 billion annually in Pennsylvania power interruptions and $686 million in at-risk homes, over $9 billion/year by 2050 in maritime-sector losses, and $244 billion annually from climate-driven smoke mortality by mid-century.",3,New York State Department of Environmental Conservation (NY…; Pacific Environment; Pennsylvania Departments of Environmental Protection (PADEP…,dismissed_out_of_scope,not_addressed,not_addressed
2.1.1.3.8|8,2.1.1.3.8,"EPA arbitrarily ignores positive spillovers that offset or reverse leakage: U.S. emission-standard technology and policy innovation spreads to international markets, producing additional foreign emission reductions and a documented 'race to the top' in vehicle emission standards.",3,"Attorneys General of California, Massachusetts, New York et…; Individual commenter; Institute for Policy Integrity at New York University Schoo…",dismissed_out_of_scope,not_addressed,not_addressed
2.2.2|12,2.2.2,"The futility argument ignores the leveraged effect of U.S. action: U.S. regulation drives global technology adoption, underpins international agreements (Paris, Kyoto), and U.S. leadership influences other nations' emission reductions.",3,"City of San Diego, CA (Heidi Vonblum, Planning Director, Ci…; Nez Perce Tribe; Third Act-Florida Working Group",not_addressed,not_addressed,not_addressed
3.1|431,3.1,"Claims that there is no warming trend or that U.S. temperatures and heat waves peaked in the 1930s are false: they rest on cherry-picked metrics (days ≥95 °F) and ignore that the Dust Bowl was driven by land-denuding agricultural practices; NASA GISS, Menne et al./GHCN v4, EPA's own indicators (0.17 °F/decade since 1901), NCA5, IPCC AR6 and multi-proxy Arctic reconstructions show ~2 °F rise since…",3,"Center for Climate and Energy Solutions (C2ES); Citizens' Climate Lobby (CCL); Climate Democracy Initiative; Climate Psychiatry Alliance (Robin Cooper, MD); Coleman Jennewein; Concerned Scientists @ IU (CSIU)",dismissed_out_of_scope,dismissed_out_of_scope,not_addressed
5.9|16,5.9,"The proposal ignores harms to workers, who are disproportionately exposed to extreme heat, wildfire smoke, and climate-driven chemical disasters (about one-third of RMP facilities are in extreme-weather-vulnerable areas), including heat-related job and productivity losses.",3,"Moving Forward Network (MFN) et al.; Moving Forward Network, Able Differently, et al. (coalition…; The Greenlining Institute",dismissed_out_of_scope,not_addressed,not_addressed
6.11|5,6.11,Rescinding the Endangerment Finding would eliminate the federal authority and national framework needed to control vehicle and industrial co-pollutants that disproportionately burden frontline communities.,3,"Mary Lou Pauly, Mayor, City of Issaquah, Washington; Nina Ahmad, Councilmember At-Large, Philadelphia City Counc…; The Chisholm Legacy Project, Inc. (TCLP)",not_addressed,not_addressed,not_addressed
2.1.1.3.8|3,2.1.1.3.8,"EPA's assumption that roughly half of U.S. fossil-fuel use reductions are offset by increased use abroad is unsupported: it merely assumes equal and opposite global fuel supply and demand elasticities (uniform price responses across all nations) without any methodology, modeling of world fuel prices, or literature support, and contradicts EPA's prior analytical practice and the fact that many nat…",3,"Attorneys General of California, Massachusetts, New York et…; Dr. David L. Greene; Institute for Policy Integrity at New York University Schoo…",dismissed_out_of_scope,not_addressed,not_addressed
5.8|7,5.8,"A global rather than domestic-only SC-GHG value is appropriate because GHGs are a global externality: territorial estimates omit harms to U.S. interests through trade, investment, supply chains and national security, and omit reciprocity effects (each U.S. ton reduced induces 2.4–10.8 tons of foreign reductions).",3,"Individual commenter; Chesapeake Bay Foundation, Inc. (CBF); Institute for Policy Integrity at New York University Schoo…",dismissed_out_of_scope,not_addressed,not_addressed
5.8|33,5.8,"Peer-reviewed and market-based literature supports substantial, rising SC-CO2 values EPA failed to use — e.g., Rennert et al. (2022) mean of $185/tonne, Ricke et al. (2018) $48/ton, and bond-market evidence of a rising social cost of climate change.",3,"Individual commenter; Center for Biological Diversity (Shaye Wolf, Ph.D.; Emily D…; Environmental Defense Fund (EDF)",dismissed_out_of_scope,not_addressed,not_addressed
3.1|446,3.1,"EPA/CWG scenario criticism is misplaced: past IPCC scenarios have both overstated and understated emissions, the report conflates total with fossil-fuel CO2, observed emissions run above RCP6.0 and near the middle of the AR6 range, and even under plausible lower scenarios warming likely exceeds 2°C by 2100—so endangerment is unaffected.",3,"Individual commenter; Center for Biological Diversity, Clean Air Task Force, Eart…; Environmental Protection Network (EPN); J. Leggett; Joseph E. Aldy et al. (group of climate and environmental e…; Michael (Mike) Aucott, Ph.D.",dismissed_out_of_scope,dismissed_out_of_scope,not_addressed
5.10|2,5.10,"The renewable/grid cost inputs underlying EPA's analysis are outdated and inflated: Mai et al. (2014) capex assumptions from 2009-2010 are 4.6x (solar) and 2.5x (wind) above current EPA IPM and IRENA projections, and the $136/MWh renewable cost far exceeds 2025 unsubsidized LCOE of $38-78/MWh solar and $37-86/MWh wind.",3,"Attorneys General of California, Massachusetts, New York et…; Environmental Defense Fund (EDF); Environmental Defense Fund (EDF) — technical review prepare…",dismissed_out_of_scope,not_addressed,not_addressed
6.11|10,6.11,"Title VI of the Civil Rights Act and EPA's implementing disparate-impact regulations (40 C.F.R. § 7.35) remain in force, and the proposal's foreseeable discriminatory effects on frontline communities near highways, ports, and airports and on Tribal Nations would violate them.",3,"Arizona State University Sandra Day O'Connor College of Law…; Elders Climate Action (comments prepared by Robert Yuhnke); The Chisholm Legacy Project, Inc. (TCLP)",dismissed_out_of_scope,not_addressed,not_addressed
7.5|20,7.5,"The proposal arbitrarily fails to articulate what, if any, GHG regulation would remain after rescission, and ignores that re-establishing the finding would take years of research, process, and litigation, leaving the public unprotected in the interim.",2,"Barry University School of Law Environmental and Earth Law …; Center for Rural Affairs (Laura Priest, Policy Associate)",not_addressed,not_addressed,not_addressed
5.8|14,5.8,"Existing SC-GHG estimates omit whole damage categories and features — post-2050 damages, morbidity, wildfire smoke mortality, ambiguity aversion and option value (one calculation raises the 2030 SCC by ~42%) — so they are severe underestimates.",2,"Anonymous (analysis by Rick Duke, Gigaton Strategies; resea…; Institute for Policy Integrity at New York University Schoo…",dismissed_out_of_scope,not_addressed,not_addressed
2.1.1.3.8|0,2.1.1.3.8,"Carbon leakage is a policy consideration relevant only to standard-setting and is divorced from the statutory text of the endangerment/contribution inquiry; like the foreign-policy/negotiation rationale rejected in Massachusetts v. EPA, it cannot lawfully inform the cause-or-contribute determination.",2,"Environmental Law & Policy Center (ELPC), Hoosier Environme…; Institute for Policy Integrity at New York University Schoo…",dismissed_out_of_scope,not_addressed,not_addressed
3.1|0,3.1,"The heat-trapping radiative physics of CO2 and other GHGs is over a century old (dating to 1850s laboratory work), empirically verified and uncontroversial, with surface temperature strongly correlated with GHG radiative forcing.",2,"Climate Science and Solutions Graduate Program, Northern Ar…; Collister Johnson, Jr., Senior Policy Advisor, Committee fo…; Eastern Oregon Climate Change Coalition (EOC3), Jeff Blackw…; Individual commenter; Individual commenter; Individual commenter",dismissed_out_of_scope,not_addressed,not_addressed
3.1|36,3.1,"Urban heat island effects have negligible impact on measured warming trends because standard bias corrections, rural-only/high-quality networks (USCRN), AIRS satellite data, Muller et al.'s independent analysis, and the IPCC urban areas fact sheet all yield the same warming rate as the full land station network.",2,"California Air Resources Board (Steven S. Cliff, Executive …; Coleman Jennewein; Michael (Mike) Aucott, Ph.D.; Robert B. McKinstry, Jr., et al. (group of attorneys, acade…; Robert E. Kopp and Andrew E. Dessler (co-editors, Climate E…; Slipstream",dismissed_out_of_scope,not_addressed,not_addressed
5.8|4,5.8,"The 2023 SC-GHG Report's modular methodology (RFF-SPs, FaIR, DSCIM, GIVE, meta-analysis, Ramsey discounting) reflects the state of the art, rests on 15 years of interagency work, GAO review, implementation of National Academies recommendations, and favorable independent peer review by seven experts, and is corroborated by independent literature — a record EPA never grapples with.",2,Individual commenter; Institute for Policy Integrity at New York University Schoo…,dismissed_out_of_scope,not_addressed,not_addressed
5.11|72,5.11,"Monitoring and reporting gaps mean exposure is underdocumented rather than absent — most Missouri counties lack air monitors, so EPA cannot infer low exposure from missing data — and rolling back accurate, transparent emissions reporting would obscure exposure and delay public health response.",2,"Edison Global Solutions, LLC (Kathy Edison, MPH, DrPH(c), P…; Flora for Fauna (Cynthia Krock Boxerman, President and Foun…",dismissed_out_of_scope,not_addressed,not_addressed
2.1.1.3.8|4,2.1.1.3.8,EPA's international leakage claim is contradicted by real-world trends and IEA projections showing global oil/fossil fuel demand peaking and declining as countries and states reduce fossil fuel use.,2,Environmental Defense Fund (EDF); New Jersey Department of Environmental Protection,dismissed_out_of_scope,not_addressed,not_addressed
3.3|51,3.3,"Clean energy is now the cheapest option—wind and solar are lowest cost, electrification cuts overall energy demand and cost (by 57%), and TVA's IRP found the lowest-carbon expansion scenario was also most cost-effective—so cost concerns do not justify rescission.",2,"Individual commenter; Our Children's Trust (Julia Olson, Co-executive Director an…",dismissed_out_of_scope,dismissed_out_of_scope,not_addressed
3.1|511,3.1,"Observed post-2009 physical indicators show accelerating, unprecedented warming and worsening harms—record surface temperatures (ten warmest years in last decade; 2024 ~1.47°C above pre-industrial and first year above 1.5°C), warming >50% faster in 2010–2023 than 1970–2010 and faster than any time in 485 million years, record ocean heat content, >40% Arctic sea ice decline since 1979, ~8 inches o…",2,"Amanda Rawls; Individual commenter; Individual commenter; Change the Chamber; Dom Altomari (National Climate Fellows Team, Change the Cha…; Environmental Law & Policy Center (ELPC), Hoosier Environme…",dismissed_out_of_scope,dismissed_out_of_scope,not_addressed
2.1|9,2.1,"Repeal would impose economic costs on Americans and businesses — higher energy bills, health costs from extreme heat, and greater difficulty operating in a changing climate and bearing extreme-weather damages.",2,"Pesticide Action & Agroecology Network (PAN), Emily Marquez…; World Resources Institute (WRI)",not_addressed,not_addressed,not_addressed
1.1|35,1.1,"Federal GHG regulation is necessary and pro-business because emission harms are dispersed and individual firms lack incentive to act alone; businesses depend on a stable, level regulatory playing field, so weakening the CAA's GHG coverage is anti-business.",2,"Stephen Fletcher, Director, Green Business Network at Green…; Wynkoop Properties et al. (177 business signatories, organi…",not_addressed,not_addressed,not_addressed
6.11|22,6.11,"Mental health impacts of climate change are distributed inequitably, falling hardest on people with prior trauma, pre-existing mental disorders, women, and low-resource families, and EPA must consider these adaptation and mental-health costs.",2,American Psychological Association Services Inc. (APA Servi…; Individual commenter,not_addressed,not_addressed,not_addressed
2.1.2.1.5|2,2.1.2.1.5,"Rescission is economically unwise because the economy and businesses (including tourism-dependent local economies) depend on a stable, predictable climate and healthy environment; the environment-versus-economy framing is a fallacy.",2,"Holly Anderson, Secretary of the Board of Directors, Saugat…; Katherine A. Trisolini, Professor of Law, Loyola Law School",not_addressed,not_addressed,not_addressed
6.6|5,6.6,"Climate change harms children's mental health and education—youth aged 16-25 report widespread climate distress across political affiliations, and climate disasters disrupt schools and cause lost instructional time.",2,"American Psychological Association Services Inc. (APA Servi…; UndauntedK12 (joint letter with Milwaukee Public Schools, A…",dismissed_out_of_scope,not_addressed,not_addressed
3.3|48,3.3,Cost and 'cheaper is better' considerations should not drive environmental decisions because human health and biodiversity are priceless.,2,Individual commenter; Project Eleven Hundred (Executive Director),dismissed_out_of_scope,not_addressed,not_addressed
3.2|39,3.2,"An NRDC-commissioned report shows Clean Air Act benefits are up to 32 times greater than regulatory costs, rebutting EPA's claim that emission control technology risks greater harms than benefits.",1,People for Climate Action,dismissed_out_of_scope,dismissed_out_of_scope,not_addressed
3.1|450,3.1,The CWG report's discussion of CO2 concentrations below 180 ppm is an irrelevant distraction given that CO2 has risen from 280 to ~430 ppm at roughly 3 ppm per year.,1,"California Air Resources Board (Steven S. Cliff, Executive …; Individual commenter; Individual commenter; Individual commenter; William N. Rom, M.D., MPH",dismissed_out_of_scope,not_addressed,not_addressed
2.2.2|18,2.2.2,EPA's point that vehicles' relative share of global GHG concentrations has declined is misdirected because damages per ton grow over time as natural and human systems become more stressed.,1,Institute for Policy Integrity at New York University Schoo…,not_addressed,not_addressed,not_addressed
1.3.2|24,1.3.2,Abrupt policy reversals of this nature undermine investor confidence in the reliability of U.S. climate policy and harm U.S. competitiveness in clean technology markets.,1,"Etica Funds (Etica Sgr) – Aldo Bonati, Stewardship and ESG …",not_addressed,not_addressed,not_addressed
2.1|8,2.1,"Rescission and retreat from climate mitigation would harm wildlife species, ecosystems, and biodiversity.",1,Defenders of Wildlife,dismissed_out_of_scope,dismissed_out_of_scope,not_addressed
1.1|34,1.1,"EPA should not eliminate existing GHG restrictions without replacing them with equally or more effective tools, such as a carbon fee and dividend.",1,Climate Protection & Restoration Initiative (CPR) et al. (D…,not_addressed,not_addressed,not_addressed
5.11|18,5.11,"Air pollution exposure is associated with mental health harms including depression, anxiety, bipolar disorder, suicide and violent behavior.",1,"Climate Psychiatry Alliance (Robin Cooper, MD)",dismissed_out_of_scope,not_addressed,not_addressed
1.3.1|1,1.3.1,"EPA mischaracterizes the uncertainties that the 2009 Finding acknowledged (cold mortality, disease vectors, crop yields, temperature projections, aerosols, extreme weather, fleet emissions), misrepresenting what EPA actually concluded in that record.",1,"Center for Biological Diversity, Clean Air Task Force, Eart…",dismissed_out_of_scope,dismissed_out_of_scope,not_addressed
3.2|44,3.2,Relying on some future technology to remove greenhouse gases from the atmosphere instead of deploying available emission-reduction technology is an absurd gamble.,1,Proctor Consulting,dismissed_out_of_scope,not_addressed,not_addressed
6.8|7,6.8,"Federal regulation of GHGs is more cost-effective and efficient than devolving responsibility to states; state-by-state action imposes duplicative and higher aggregate costs, so EPA's federalism analysis is wrong.",1,"Roselie Bright, ScD",dismissed_out_of_scope,not_addressed,not_addressed
5.12|4,5.12,"If the Endangerment Finding is flawed for ignoring adaptation benefits, the RIA is equally flawed for ignoring adaptation and mitigation costs.",1,Environmental Protection Network (EPN),dismissed_out_of_scope,dismissed_out_of_scope,not_addressed
3.1|11,3.1,"Acknowledged model uncertainty and inter-model spread do not discredit climate models or the Endangerment Finding: assessment projections rest on multiple lines of evidence (models, observational constraints, process understanding), observations fall within model bandwidths, no model reproduces observed warming without CO2, and EPA mischaracterizes the AR4 1.8–4.0 °C range as a single uncertain f…",1,"Center for Climate and Energy Solutions (C2ES); Center for Progressive Reform (Victor B. Flatt, Rachel Roth…; Individual commenter; Robert E. Kopp and Andrew E. Dessler (co-editors, Climate E…; Sabin Center for Climate Change Law, Columbia Law School",dismissed_out_of_scope,dismissed_out_of_scope,not_addressed
6.11|19,6.11,"Increased flooding will inundate contaminated sites—New Jersey has the nation's densest concentration of Superfund sites, increasingly in floodplains near underserved communities—heightening toxic exposure risk for those communities.",1,New Jersey Congressional Delegation (Rep. Robert J. Menende…,not_addressed,not_addressed,not_addressed
2.2.1|2,2.2.1,"Climate damage functions are non-linear and earth systems may be near tipping points, so incremental emissions carry outsized risk of abrupt systemic collapse (the 'Jenga' analogy).",1,Individual commenter,not_addressed,not_addressed,not_addressed
5.8|40,5.8,"The DOE report wrongly claims no market exists in which people price mortality risk; an extensive revealed-preference literature estimates the value of statistical life from labor, vehicle, and housing markets.",1,Joseph E. Aldy et al. (group of climate and environmental e…,dismissed_out_of_scope,not_addressed,not_addressed
5.11|71,5.11,"GDP is an incomplete welfare measure because a large share of U.S. climate damages are non-market, notably elderly mortality risk, so GDP-based analyses are uninformative about the net benefits of abatement.",1,Joseph E. Aldy et al. (group of climate and environmental e…,dismissed_out_of_scope,not_addressed,not_addressed
1.3.3.3|10,1.3.3.3,"Climate change threatens the winter outdoor recreation economy, which supports nearly 600,000 jobs and $80 billion annually nationally and over $5 billion a year in Colorado.",1,"Christopher Miller, SVP Sustainability, Aspen One",not_addressed,not_addressed,not_addressed
5.12|87,5.12,The DRIA's $157–444 billion cost versus $5–8 billion benefit framing ignores roughly $20 billion in annual direct federal fossil fuel subsidies (and $757 billion in 2022).,1,New York State Department of Environmental Conservation (NY…,dismissed_out_of_scope,not_addressed,not_addressed
2.1.2.1.6|2,2.1.2.1.6,Global survey data showing roughly 80 percent of people worldwide want more action to cut greenhouse gas emissions contradict EPA's assumptions about public preferences.,1,Individual commenter,not_addressed,not_addressed,not_addressed
3.2|40,3.2,"U.S. emissions have fallen while the economy and population grew, showing emission reductions and the associated technologies do not harm the economy.",1,Individual commenter,dismissed_out_of_scope,not_addressed,not_addressed
3.1|181,3.1,"Adaptation cannot substitute for emission reductions and does not negate endangerment: reliance on adaptation concedes harm; the U.S. is not optimally adapted even to current hazards; adaptation is costly, lagging and itself a statutory welfare harm (e.g., $38 trillion in resilience spending by 2050, rescinded federal adaptation funding, USDA program cuts); adaptive capacity is unevenly distribut…",1,"American Society of Landscape Architects (ASLA); Individual commenter; Individual commenter; Individual commenter; Center for Biological Diversity (Shaye Wolf, Ph.D.; Emily D…; Center for Biological Diversity, Clean Air Task Force, Eart…",dismissed_out_of_scope,dismissed_out_of_scope,not_addressed
5.11|70,5.11,Climate-driven drying of the Great Salt Lake exposes lakebed dust hotspots that expose residents to PM2.5 and toxic metals.,1,"Erin Mendenhall, Mayor of Salt Lake City, Utah",dismissed_out_of_scope,not_addressed,not_addressed
5.8|42,5.8,"EPA cannot rely on the DOE report's attacks on long-outdated models (FUND 1997, DICE-2016), because EPA (2023) relied on recent peer-reviewed literature rather than those models and DICE-2023 corrects the climate module, finding optimal policy reduces emissions ~50% by 2070.",1,Joseph E. Aldy et al. (group of climate and environmental e…,dismissed_out_of_scope,not_addressed,not_addressed
6.11|3,6.11,"Repeal would remove GHG-related pollution control requirements from industrial sources such as refineries and cement plants, worsening localized air pollution and environmental injustice in adjacent frontline communities.",1,"Mountain Mamas (Becky Edwards, Executive Director)",not_addressed,not_addressed,not_addressed
5.1|36,5.1,The draft RIA wrongly dismisses that fossil fuel emissions are often cheaper to control at the power plant level as renewables outcompete fossil generation.,1,"New Mexico Environment Department (James C. Kenney, Cabinet…",dismissed_out_of_scope,not_addressed,not_addressed
5.8|45,5.8,"The DOE/CWG report's discussion of climate sensitivity (Roe and Baumann 2013) is misleading because current SCC models use the FaIR emulator, which accounts for covariance between climate sensitivity and response timescale.",1,Joseph E. Aldy et al. (group of climate and environmental e…,dismissed_out_of_scope,not_addressed,not_addressed
6.10|4,6.10,Jeffrey Clark's unlawful performance of the OIRA Administrator's functions and duties taints the entire rulemaking process.,1,"Attorneys General of Massachusetts, New York, California, a…",not_addressed,not_addressed,not_addressed
5.11|69,5.11,"Climate-driven flooding spreads chemicals, heavy metals, pathogens, mold and toxics such as benzene, adding to public health harms.",1,Individual commenter,dismissed_out_of_scope,not_addressed,not_addressed
5.11|19,5.11,"Research indicates a 26% increase in stillbirths per 10 µg/m3 increase in air pollution, a reproductive health harm EPA must consider.",1,"Suzanne Hume, Educational Director and Founder, CleanEarth4…",dismissed_out_of_scope,not_addressed,not_addressed
2.2.1|35,2.2.1,"Rescission would impede the government's ability to predict and warn the public about extreme weather, undercutting public health and safety.",1,Jewish Youth Climate Movement,not_addressed,not_addressed,not_addressed
6.8|17,6.8,"Leaving clean air regulation to the states would create indiscriminate harm and unequal burdens, concentrating pollution in communities in the poorest areas of the country.",1,"Moving Forward Network, Able Differently, et al. (coalition…",dismissed_out_of_scope,not_addressed,not_addressed
5.12|42,5.12,The DOE report's observation that incomes and lifespans grew alongside 1.3°C warming lacks a counterfactual baseline and mistakes correlation for causation.,1,Joseph E. Aldy et al. (group of climate and environmental e…,not_addressed,dismissed_out_of_scope,not_addressed
6.11|23,6.11,"Climate-driven heat and drought crop losses raise food prices, which hits low-income families hardest.",1,Climate Pierce County (Evlondo Cooper),not_addressed,not_addressed,not_addressed
2.1.1|16,2.1.1,EPA's framing of its interpretation as the statute's 'best reading' is designed to lock in a restrictive interpretation and bind future administrations.,1,Individual commenter,not_addressed,not_addressed,not_addressed
5.11|68,5.11,"About one third of the 10,000+ Risk Management Program chemical facilities are in areas vulnerable to extreme weather, so increased climate change multiplies the risk of chemical release disasters harming workers and fenceline communities.",1,Moving Forward Network (MFN) et al.,dismissed_out_of_scope,not_addressed,not_addressed
2.2.6|21,2.2.6,"Independent FaIR/BRICK modeling shows sea-level benefits of vehicle emission reductions continue growing beyond 2100 to exceed 6 cm by 2200 and are regionally amplified along U.S. coasts, contradicting EPA's de minimis conclusion based on a 2100 endpoint.",1,"Environmental Defense Fund, Natural Resources Defense Counc…",not_addressed,not_addressed,not_addressed
3.1|556,3.1,"The fossil fuel industry's own internal research (API 1959/1980, SRI 1968, Exxon 1977/1982, Shell 1988) shows companies long knew fossil CO2 was warming the climate while manufacturing public doubt, corroborating the Endangerment Finding.",1,"Climate Reality Project, Portland, Oregon Chapter (Katherin…; Individual commenter; Protect Penn-Trafford (Protect PT); Sen. Jeffrey A. Merkley et al. (Oregon congressional delega…; Sustainable Claremont; Suzanne Hume, Educational Director and Founder, CleanEarth4…",dismissed_out_of_scope,dismissed_out_of_scope,not_addressed
6.10|10,6.10,Soliciting public comment on a pure question of law (EPA's statutory authority) is improper because legal questions are not resolved by counting comments.,1,"Claims and Issues, Inc.",not_addressed,not_addressed,not_addressed
2.1.1.1.8|12,2.1.1.1.8,"Loper Bright's elimination of Chevron would require judges rather than agency experts to interpret hundreds of thousands of pages of scientific evidence, making EPA's proposed approach practically untenable.",1,"Chandu Visweswariah, CURE100, Inc.",not_addressed,not_addressed,not_addressed
5.8|46,5.8,The DOE report's claim that the SCC is not intrinsically informative about the economic impacts of climate change is incorrect by definition.,1,Joseph E. Aldy et al. (group of climate and environmental e…,dismissed_out_of_scope,dismissed_out_of_scope,not_addressed
5.11|33,5.11,"Increased airborne NOx deposition harms water quality by fueling algal blooms and dead zones that damage underwater grasses, crabs, oysters and fish.",1,"Chesapeake Bay Foundation, Inc. (CBF)",dismissed_out_of_scope,not_addressed,not_addressed
2.1.1.1.1|15,2.1.1.1.1,"EPA is factually wrong that greenhouse gases accumulate in the ""upper atmosphere""; they accumulate primarily in the troposphere, and the 2009 Finding never defined the air pollution that way.",1,"Center for Biological Diversity, Clean Air Task Force, Eart…",not_addressed,not_addressed,not_addressed
6.11|25,6.11,"Removal of federal environmental justice and climate risk screening tools (EJScreen, CEJST, LEAD, STEAP, FEMA Future Risk Index) deprived the public and state and local governments of data needed to participate meaningfully in this notice-and-comment process.",1,Environmental Data and Governance Initiative (EDGI),not_addressed,not_addressed,not_addressed
2.1.1.3.8|7,2.1.1.3.8,EPA's theory that GHG standards will restructure U.S. and foreign economies toward more emissions-intensive (urban-intensive) industries is unsupported by any modeling or literature.,1,Institute for Policy Integrity at New York University Schoo…,dismissed_out_of_scope,not_addressed,not_addressed
6.10|71,6.10,The action violates the Foundations for Evidence-Based Policymaking Act of 2018 because EPA failed to develop sound data and evidence.,1,Individual commenter,not_addressed,not_addressed,not_addressed
3.1|517,3.1,"EPA is wrong to assume natural sinks are strengthening or that CO2 fertilization will offset emissions: the sequestered fraction has been roughly invariant, the land sink fell ~27% over the past decade, ocean uptake efficiency declined ~13% over 30 years, and drought, heat, wildfire, deforestation and permafrost thaw will weaken sinks further.",1,"Akiak Native Community (DoraAnn Kozevnikoff, Tribal Adminis…; Individual commenter; Center for Progressive Reform (Victor B. Flatt, Rachel Roth…; J. Leggett; Individual commenter; Joel B. Smith",dismissed_out_of_scope,not_addressed,not_addressed
1.1|54,1.1,"CAA §309(b) authorizes the Administrator only to find legislation or regulation unsatisfactory from the standpoint of public health, welfare, or environmental quality — not to act 'to effectuate the best reading' of the statute — so the repeal violates §309.",1,Individual commenter,not_addressed,not_addressed,not_addressed
5.12|6,5.12,The property and casualty insurance industry itself acknowledges the GHG-climate disaster link and calls for emissions control as risk management.,1,Individual commenter,not_addressed,not_addressed,not_addressed
5.8|47,5.8,"The DOE report wrongly mischaracterizes the SCC as assumption-driven: a vast empirical econometric literature has replaced earlier assumptions, and rejecting estimates merely because they rest on assumptions is inconsistent with all scientific inference.",1,Joseph E. Aldy et al. (group of climate and environmental e…,dismissed_out_of_scope,not_addressed,not_addressed
5.11|74,5.11,"Climate-driven heat and air pollution harm Black maternal and infant health, with a California study showing preterm births rose nearly 15% per 10°F temperature increase for Black women.",1,"Young, Gifted & Green",dismissed_out_of_scope,not_addressed,not_addressed
5.12|43,5.12,"Because rising GHG concentrations pose an existential threat rather than a quality-of-life issue, no cost-benefit tradeoff can justify inaction.",1,Individual commenter,dismissed_out_of_scope,dismissed_out_of_scope,not_addressed
5.8|48,5.8,"The DOE report errs in deflating the SCC by the marginal cost of public funds, since the SCC is an existing external cost, not a tax.",1,Joseph E. Aldy et al. (group of climate and environmental e…,dismissed_out_of_scope,not_addressed,not_addressed
5.11|67,5.11,"Thawing permafrost and flooding contaminate an Alaska Native village's unpiped drinking water and increase mosquitoes and mold, contributing to disease and an extremely high cancer rate.",1,Native Village of Kipnuk (Kipnuk Traditional Council),dismissed_out_of_scope,not_addressed,not_addressed
2.2|8,2.2,"The futility rationale is pretextual: EPA could pursue international collaboration, yet it is simultaneously rolling back other domestic GHG programs (e.g., the Greenhouse Gas Reporting Program).",1,Individual commenter,not_addressed,not_addressed,not_addressed
5.8|52,5.8,"EPA's deregulation reduces the likelihood of low-emission scenarios and may prompt other countries to backtrack, which itself raises the appropriate SC-GHG value.",1,Institute for Policy Integrity at New York University Schoo…,dismissed_out_of_scope,not_addressed,not_addressed
5.12|88,5.12,EPA assumes adaptation will reduce climate harms without quantifying or monetizing adaptation costs or identifying who bears them.,1,"Robert A. Weinstock, Environmental Advocacy Center, Northwe…",dismissed_out_of_scope,not_addressed,not_addressed
2.1.1.1.7|31,2.1.1.1.7,"EPA misrepresents the procedural history of Massachusetts v. EPA by framing it as an environmental-group citizen suit and downplaying that sovereign states were the principal petitioners, in order to narrow the holding.",1,Center for Coalfield Justice (CCJ),not_addressed,not_addressed,not_addressed
2.1.1.3.1|14,2.1.1.3.1,"Climate-driven warmer winters are already causing economic losses to tourism and outdoor recreation, including $6.5 million lost in northern Wisconsin in 2024 from lack of snow.",1,"Wisconsin Local Government Climate Coalition (WLGCC), Allis…",not_addressed,not_addressed,not_addressed
5.10|20,5.10,EPA has not updated its grid emission factors to reflect the dirtier grid resulting from repeal of clean electricity incentives in the One Big Beautiful Bill Act.,1,Union of Concerned Scientists (Dr. Dave Cooke),dismissed_out_of_scope,not_addressed,not_addressed
2.2.4|23,2.2.4,"Emission declines cannot be assumed to continue absent standards: past reductions came from one-time coal-to-gas switching, surging electricity demand, extended coal plant lives and 18 GW of new unabated gas capacity will keep emissions flat or rising, and more than a dozen coal plants each emitting over 10 million metric tons of CO2 annually have no firm retirement plans.",1,Center for Climate and Energy Solutions (C2ES),not_addressed,not_addressed,not_addressed
5.4|16,5.4,"IRA greenhouse gas provisions were projected to deliver $1.11 trillion in benefits, showing that climate regulation boosts the economy.",1,Individual commenter,not_addressed,not_addressed,not_addressed
2.1.1.3.5|16,2.1.1.3.5,"EPA's and DOE's analyses improperly focus narrowly on CO2 and must also address methane, whose short atmospheric residence time means reductions yield substantial near-term climate benefits.",1,Joseph E. Aldy et al. (group of climate and environmental e…,not_addressed,not_addressed,not_addressed
5.13|1,5.13,The 2021 National Intelligence Council assessment finds climate change increasingly exacerbates U.S. national security risks and expressly declines to rely on the minority scientific perspectives EPA invokes.,1,"Clean Energy Counsel, LLP",dismissed_out_of_scope,dismissed_out_of_scope,not_addressed
5.13|2,5.13,National security experts found the Climate Working Group report wholly inadequate in addressing climate-related national security risks.,1,Union of Concerned Scientists,dismissed_out_of_scope,not_addressed,not_addressed
5.13|22,5.13,"Abandoning U.S. GHG regulation cedes leadership of global climate governance—and ultimately authority over U.S. emissions—to China, and forfeits the U.S. role in mechanisms to discourage free riding.",1,Individual commenter,dismissed_out_of_scope,not_addressed,not_addressed
3.1|sync-2026-09-21|29,3.1,"The ocean's carbon uptake capacity is declining with rising sea surface temperatures, contradicting the claim that oceans can absorb CO2 without harm.",1,"Nathan Sweet, Madison Rutherford, Natalie Couch, Piper Read…",not_addressed,not_addressed,not_addressed
3.1|sync-2026-09-21|30,3.1,Four decades of observations show a clear decline in ocean pH driven by anthropogenic increases in atmospheric pCO2.,1,"Nathan Sweet, Madison Rutherford, Natalie Couch, Piper Read…",not_addressed,not_addressed,not_addressed
3.1|sync-2026-09-21|34,3.1,"Air pollution exposure in infancy and childhood significantly increases disease risk and correlates with lower IQ, stroke, heart disease, lung cancer, and low birth weight.",1,"Northeastern University students, alumni, and faculty (Anna…",not_addressed,not_addressed,not_addressed
3.1|sync-2026-09-21|39,3.1,"Climate change driven by greenhouse gas emissions is causing more extreme precipitation, flooding, hurricanes, sea-level rise, drought, and heatwaves, confirming endangerment.",1,Undersigned current and former state public utility commiss…,not_addressed,not_addressed,dismissed_out_of_scope
5.10|sync-2026-09-21|41,5.10,"Climate change damages electric grid infrastructure and threatens reliability in every state, as documented by the Fifth National Climate Assessment, GAO, and DOE.",1,Undersigned current and former state public utility commiss…,dismissed_out_of_scope,not_addressed,not_addressed
5.10|sync-2026-09-21|43,5.10,Rising temperatures reduce generation and transmission capacity while increasing electricity demand.,1,Undersigned current and former state public utility commiss…,dismissed_out_of_scope,not_addressed,not_addressed
5.10|sync-2026-09-21|44,5.10,FERC found in 2023 that climate impacts have caused outages and significant reliability impacts along with substantial consumer costs.,1,Undersigned current and former state public utility commiss…,dismissed_out_of_scope,not_addressed,not_addressed
5.10|sync-2026-09-21|45,5.10,"Renewable resources have proven reliable during extreme weather and peak load, as when solar supported the Texas grid during heat waves and wind outperformed expectations in winter storms.",1,Undersigned current and former state public utility commiss…,dismissed_out_of_scope,not_addressed,not_addressed
5.10|sync-2026-09-21|46,5.10,"Solar and wind can be built in 12 to 18 months while gas turbines are backordered for years, making clean resources essential to meeting rising demand.",1,Undersigned current and former state public utility commiss…,dismissed_out_of_scope,not_addressed,not_addressed
5.12|sync-2026-09-21|53,5.12,Delay in emissions reductions risks locking in uneconomic fossil fuel investments and decades of increased pollution.,1,Undersigned current and former state public utility commiss…,not_addressed,not_addressed,not_addressed
3.1|6,3.1,The CWG Report wrongly identifies aerosols as the greatest source of ECS uncertainty and ignores the effective-climate-sensitivity-to-ECS transfer problem that makes the historical record a weak constraint on ECS.,0,Kyle Armour,dismissed_out_of_scope,dismissed_out_of_scope,not_addressed
3.1|463,3.1,"Staple crops grown under elevated temperature and CO2 accumulate more toxic heavy metals (arsenic, lead, cadmium), raising cancer, intellectual disability and kidney disease risks.",0,"American Lung Association, Alliance of Nurses for Healthy E…; Individual commenter; Frances Stewart, MD",dismissed_out_of_scope,not_addressed,not_addressed
3.1|302,3.1,"The CWG report rests on an insular evidentiary base: it relies unusually heavily on its own authors' work (about 30 self-citations; ~11% overall and over 25% in chapters 3 and 5, versus 2.4% in IPCC AR6 WG1) and reviewed only ~284 papers, indicating bias rather than a comprehensive literature survey.",0,"Individual commenter; Individual commenter; Center for Biological Diversity, Clean Air Task Force, Eart…; Climate Scientists (Scott Saleska, David Battisti, William …",dismissed_out_of_scope,dismissed_out_of_scope,not_addressed
3.1|347,3.1,"Reliance on the absence of a trend in U.S. hurricane landfall frequency is a strawman that ignores intensification: climate science (IPCC AR6, NOAA) projects steady or fewer storms but a greater proportion of Category 3-5 storms, more rapid intensification, heavier rainfall, poleward migration, slower decay and worse coastal flooding, and peer-reviewed attribution finds anthropogenic warming inte…",0,"American Mountain Guides Association (AMGA); Individual commenter; Individual commenter; Institute for Policy Integrity; Centre for Environmental Po…; National Parks Conservation Association, Coalition to Prote…; Robert E. Kopp and Andrew E. Dessler (co-editors, Climate E…",dismissed_out_of_scope,dismissed_out_of_scope,dismissed_out_of_scope
3.1|428,3.1,"USGS streamflow data show increasing flows since 1940 despite reforestation that would otherwise reduce flood peaks, contradicting claims of no hydrologic trend.",0,"Benjamin Zycher; Berkshire Regional Planning Commission (Thomas Matuszko, Ex…; Green Century Resources LLC (Arthur G. ""Randy"" Randol III, …; Individual commenter",dismissed_out_of_scope,not_addressed,not_addressed
3.1|310,3.1,"The DOE CWG report failed to follow standard systematic review methodology — no inclusion/exclusion criteria, no search strategy, no risk-of-bias assessment, and no competing-interest declarations.",0,American Thoracic Society (ATS); Individual commenter,dismissed_out_of_scope,dismissed_out_of_scope,not_addressed
OTHER|77,OTHER,Rescinding the finding would undermine preservation of intact natural landscapes and the ecosystem services mountain systems provide as national assets.,0,"American Mountain Guides Association (AMGA); Ed Potosnak, New Jersey League of Conservation Voters; Trust for Public Land (Pooja Tandon, MD, MPH, Health Direct…",dismissed_out_of_scope,dismissed_out_of_scope,not_addressed
3.1|582,3.1,The 'divide-and-conquer' approach of evaluating each extreme weather category in isolation (as in Koonin's and the DOE report's analysis) is methodologically flawed.,0,Concerned Scientists @ IU (CSIU),dismissed_out_of_scope,dismissed_out_of_scope,not_addressed
3.1|343,3.1,Thirty years of observations showing mesospheric cooling and contraction independently demonstrate the radiative effect of rising greenhouse gases.,0,"Center for Progressive Reform (Victor B. Flatt, Rachel Roth…; Individual commenter; Somers Land Trust",dismissed_out_of_scope,not_addressed,not_addressed
OTHER|112,OTHER,"Rollbacks risk resurrecting acid rain and reversing hard-won acid rain gains in U.S. ecosystems, as experts including Gene Likens warn.",0,Individual commenter; Individual commenter,not_addressed,not_addressed,not_addressed
3.1|296,3.1,"IPCC AR6 shows limiting warming to 1.5°C requires swift, sharp reductions in fossil fuel use and keeping carbon reserves in the ground, so fossil fuel phase-out is the effective response.",0,"Individual commenter; Atlantic Energy; California Congressional Delegation (Sen. Alex Padilla, Sen…; Climate Science and Solutions Graduate Program, Northern Ar…; Individual commenter; Individual commenter",dismissed_out_of_scope,not_addressed,not_addressed
3.1|396,3.1,"Even if direct temperature-related mortality nets to near zero in the U.S., that single impact channel says nothing about the many other harmful impact channels and cannot support rescission of the endangerment finding.",0,"Akiak Native Community (DoraAnn Kozevnikoff, Tribal Adminis…; Marshall Burke, Jennifer Burney, Christopher Callahan, Solo…; Natural Resources Defense Council (NRDC); Robert A. Weinstock, Environmental Advocacy Center, Northwe…",dismissed_out_of_scope,dismissed_out_of_scope,not_addressed
3.1|325,3.1,"Climate-driven extreme weather is damaging and overwhelming critical infrastructure and health-care systems designed for historic conditions — energy transmission/distribution (projected $6-13 billion added costs this century), power plant cooling water, ~$37 billion in Alaska permafrost losses, freeze-thaw and heat damage to roads, bridges and utilities, storm-surge flooding of ports, rail, high…",0,"Individual commenter; Aliados Health (Tracy Mendez, Chief Executive Officer); American Thoracic Society (ATS); Berkshire Regional Planning Commission (Thomas Matuszko, Ex…; City of San Luis Obispo (Mayor Erica A. Stewart); EPA Region 10 Tribal Operations Committee (RTOC) Tribal Cau…",dismissed_out_of_scope,not_addressed,not_addressed
3.1|506,3.1,"Observed climate 'fingerprints'—faster nighttime and winter warming, faster warming in remote polar regions and oceans, and continued mid/upper stratospheric cooling (contrary to the CWG report's claim of post-2000 stratospheric warming)—uniquely identify GHG forcing rather than solar or urban-heat-island causes.",0,"Center for Biological Diversity, Clean Air Task Force, Eart…; Center for an Ecology-Based Economy (CEBE); Individual commenter; Scott Baskerville; Union of Concerned Scientists; Winter Wildlands Alliance (David Page, Executive Director)",dismissed_out_of_scope,dismissed_out_of_scope,not_addressed
3.1|116,3.1,"Papers rejecting anthropogenic global warming constitute a vanishingly small and declining share of published research, so reliance on dissenting minority views is unjustified.",0,Individual commenter,dismissed_out_of_scope,dismissed_out_of_scope,not_addressed
3.1|138,3.1,The CWG report wrongly invokes satellite imprecision while omitting that Earth's energy imbalance is accurately quantified from ocean heat content observations.,0,Individual commenter; Kyle Armour,dismissed_out_of_scope,not_addressed,not_addressed
3.1|570,3.1,The DOE report critiques IPCC projection modeling but offers no viable alternative scenarios for researchers and practitioners to use.,0,"Consolidated Oregon Indivisible Network (COIN); Rebecca L. Tepper, Secretary, Massachusetts Executive Offic…",dismissed_out_of_scope,dismissed_out_of_scope,not_addressed
3.1|90,3.1,"Post-2009 science on nonlinear feedbacks and irreversible tipping points strengthens the Endangerment Finding and justifies deep near-term cuts: Earth's large energy imbalance and ocean warming drive risks of abrupt Greenland/West Antarctic ice sheet collapse with multi-meter sea level rise threatening over 100 million Americans, permafrost carbon/methane clathrate and N2O release, reduced ocean …",0,"Attorneys General of Massachusetts, New York, California, a…; Climate Protection & Restoration Initiative (CPR) et al. (D…; Edgewater Environmental Coalition; Individual commenter; H. Christopher Frey, Ph.D.; Individual commenter",dismissed_out_of_scope,not_addressed,not_addressed
3.1|561,3.1,"The CWG/DOE report's statement that Arctic sea ice extent declined only ~5% since 1980 is factually wrong (apparently using Antarctic data); Arctic sea ice has declined roughly 40%, and the report omits post-AR6 Antarctic sea ice changes.",0,Individual commenter; Individual commenter; Kyle Armour; Union of Concerned Scientists,dismissed_out_of_scope,not_addressed,not_addressed
3.1|574,3.1,"The DOE report's economic analysis relies on Nordhaus's outdated, miscalibrated DICE-2016R2 while ignoring his 2023 model, which supports more aggressive mitigation.",0,Institute for Policy Integrity at New York University Schoo…,dismissed_out_of_scope,dismissed_out_of_scope,not_addressed
3.1|452,3.1,"Elevated CO2 disrupts plant transpiration and the hydrological cycle, increasing runoff and flooding and stressing forests.",0,Individual commenter; Individual commenter; Individual commenter; Individual commenter,dismissed_out_of_scope,not_addressed,not_addressed
3.1|589,3.1,"The report's framing of CO2 as not a 'criteria pollutant' is misleading because the basis for regulating CO2 is its effect on Earth's energy balance, not criteria-pollutant status.",0,"H. Christopher Frey, Ph.D.",dismissed_out_of_scope,not_addressed,not_addressed
OTHER|45,OTHER,"The proposal is a bad-faith action sacrificing Americans' health and safety to benefit fossil fuel and polluting industries through lower compliance costs and higher profits, at the expense of EPA's statutory mandate.",0,"Individual commenter; Order of Ethical Equilibrium; Steve Gilman, Northeast Organic Farming Association (NOFA)",not_addressed,not_addressed,not_addressed
3.1|496,3.1,"Heat exposure damages health in ways that raise treatment costs, including worsening chronic conditions such as kidney disease and accelerating biological/epigenetic aging (older adults in hot regions show faster epigenetic aging), potentially shortening lifespans.",0,"Health Care Without Harm (HCWH); Medical Society Consortium on Climate and Health, Academic …; People for Climate Action; Physicians for Social Responsibility Pennsylvania; Individual commenter",dismissed_out_of_scope,dismissed_out_of_scope,not_addressed
3.1|80,3.1,"The CWG Report misrepresents Blandino et al. (2020), omitting that all wheat cultivars lost protein content and that elevated CO2 increased disease and fungal contamination risk.",0,Individual commenter; Suffolk University Law School Environmental Law and Policy …,dismissed_out_of_scope,not_addressed,not_addressed
3.1|124,3.1,"Geoengineering, including solar radiation management, cannot substitute for emission reductions: peer-reviewed research shows it cannot preserve polar ice caps and does not address chemical/biochemical damage caused by CO2 itself.",0,Individual commenter; Individual commenter,dismissed_out_of_scope,not_addressed,not_addressed
3.1|321,3.1,"Climate change is already causing documented agricultural, livestock, food-security and nutrition harm — crop and livestock losses from heat, drought, flooding and extreme events (at least $20.3 billion in 2024 U.S. crop/rangeland losses; 75% loss of Michigan's 2024 cherry harvest; Vermont flooding; Northeast and Tennessee drought; Massachusetts and Arkansas losses), yield declines (~10.3% maize …",0,"350 Sacramento; Air Alliance Houston (AAH), Stop TXDOT I-45, Friends of Fon…; Individual commenter; Dana Nessel, Attorney General of the State of Michigan; Dartmouth Climate Alliance; Environmental Defense Fund (EDF)",dismissed_out_of_scope,not_addressed,not_addressed
3.1|377,3.1,"The proposal/CWG report mishandles snowfall and snow-cover science: year-to-year snowfall is inherently variable and warmer winters can produce more variable snowfall, while observed mean snow cover has declined (including significant spring declines in the report's own Rutgers data), so mismatches between specific snowfall predictions and observations do not undermine the Endangerment Finding.",0,"Ernest LaFlure; Faiths Connect for Climate Action; National Parks Conservation Association, Coalition to Prote…; Suffolk University Law School Environmental Law and Policy …; Town of Truckee, California (Mayor Jan Zabriskie and Vice M…",dismissed_out_of_scope,dismissed_out_of_scope,not_addressed
3.1|610,3.1,"CO2 is the most important long-lived greenhouse gas, responsible for roughly 80 percent of the heating influence of human-produced greenhouse gases since 1990.",0,"Individual commenter; Climate Democracy Initiative; Individual commenter; Faiths Connect for Climate Action; Prime Mover Institute (Russell Greene, Managing Director)",dismissed_out_of_scope,not_addressed,not_addressed
OTHER|71,OTHER,"Regulations exist to prevent disasters, and history (boiler explosions and the ASME code, the Titan implosion, the Challenger disaster) shows that removing or ignoring safety standards leads to catastrophe.",0,Individual commenter,not_addressed,not_addressed,not_addressed
OTHER|129,OTHER,"The Donora 1948 'Killer Fog,' which killed 20 and sickened 6,000, shows the human cost of failing to regulate recognized air pollution.",0,Protect Penn-Trafford (Protect PT),not_addressed,not_addressed,not_addressed
3.1|474,3.1,"The planet is in ecological free fall with under twenty years to reverse course, and only non-profit redistribution of wealth rather than for-profit capitalism can mitigate the climate cataclysm.",0,"Alan R.P. Journet, Ph.D., Cofacilitator, Southern Oregon Cl…; Individual commenter",dismissed_out_of_scope,not_addressed,not_addressed
3.1|606,3.1,"Harm depends on concentration, so CO2's being 'natural' or biologically essential does not make it harmless; concentrations have risen from 280 ppm pre-industrial to 431 ppm in May 2025.",0,"Individual commenter; Frank Lasee, President, Truth in Energy and Climate; Rebecca Turner, Chief Policy and Partnerships Officer, Amer…; Individual commenter",dismissed_out_of_scope,not_addressed,not_addressed
3.1|489,3.1,"Arctic and Alaska warming is occurring far faster than the global average, with documented community-level harms: later sea-ice formation and earlier storms leaving Golovin exposed to Typhoon Merbok's record 17.3-foot 2022 flood, thawing permafrost releasing lead and cadmium into Pitkin County drinking-water creeks, and hotter, drier, dustier conditions increasing respiratory illness in Kwethluk.",0,"Akiak Native Community (DoraAnn Kozevnikoff, Tribal Adminis…; Alaska Institute for Justice (Sheryl Musgrove, Director, Cl…; Chinik Eskimo Community (Native Village of Golovin), Dean P…; Francie Jacober, Pitkin County Commissioner (CO); Greg Poschman; Jeffrey Woodruff, Pitkin County Commissioner, District #4",dismissed_out_of_scope,not_addressed,not_addressed
3.1|175,3.1,"Warming degrades sleep duration and quality, worsening anxiety, depression, emotional regulation and cognition.",0,"Individual commenter; Climate Psychiatry Alliance (Robin Cooper, MD); Organized Village of Kwethluk (Kwethluk Indian Reorganizati…",dismissed_out_of_scope,not_addressed,not_addressed
3.1|333,3.1,"The CWG/DOE report's specific wildfire and drought data claims are factually wrong or outdated: global area burned has been stable 2012-2024 with record fire-driven tree cover loss in 2023-2024, U.S. area burned has increased significantly since 1983 (10-year average rising from ~5.86 million acres in 2007 to ~7 million acres in 2024), the report relies only on precipitation while ignoring hydrol…",0,"Center for Biological Diversity (Shaye Wolf, Ph.D.; Emily D…; Climate Reality Project, Portland, Oregon Chapter (Katherin…; Defenders of Wildlife; House Sustainable Energy & Environment Coalition (SEEC), Re…; Jason Keith, Managing Director, Public Land Solutions; Jeffrey Hicke",dismissed_out_of_scope,dismissed_out_of_scope,dismissed_out_of_scope
3.1|524,3.1,Disregarding accepted climate science in favor of political objectives is what would actually undermine public confidence in EPA's scientific integrity.,0,"Individual commenter; Institute for Policy Integrity (Jason A. Schwartz, Legal Di…; Jamie R. Gauthier, Councilmember, 3rd District, Philadelphi…; Randall T. Ryti; Senator Cathy Kipp",dismissed_out_of_scope,dismissed_out_of_scope,not_addressed
3.1|326,3.1,"Harms are avoidable and mitigation is economically beneficial: carbon-free and other mitigation technologies are already available or emerging with large co-benefits and competitive advantage (microbial solutions such as biofuels, biofilters and methane mitigation; building energy efficiency; more sustainable food production potentially preventing nearly 11 million premature deaths annually), the…",0,"American Society for Microbiology (ASM); Individual commenter; Individual commenter; Kathairos Solutions US, Inc. (Jacqueline Peterson, PhD, Chi…; Rebecca L. Tepper, Secretary, Massachusetts Executive Offic…; Individual commenter",dismissed_out_of_scope,not_addressed,not_addressed
3.1|591,3.1,"Climate change is degrading forests and public lands and EPA/DOE addressed only wildfire while omitting climate-driven tree mortality from insects, disease and drought and forests' inability to migrate or adapt fast enough (western tree mortality more than doubled since 1980, 162 million dead California trees; roughly tenfold rise in western forest fire area 1984–2017; high-severity fire destroyi…",0,"Individual commenter; Individual commenter; Eastern Oregon Climate Change Coalition (EOC3), Jeff Blackw…; Environmental Defense Fund (EDF); Jeffrey Hicke; Nancy Henjum, District 5 Councilmember, Colorado Springs Ci…",dismissed_out_of_scope,not_addressed,not_addressed
3.1|422,3.1,"Using small-area examples (the 1930s Dust Bowl, the U.S. Corn Belt at under 1% of the planet, the contiguous U.S. at ~2% of Earth's surface) to draw global conclusions about model skill is cherry-picking, because natural variability and land-use change dominate at those scales; hemisphere-wide models agree well with observations, and observed Corn Belt data still show warming and rising insured c…",0,"Individual commenter; Climate Scientists (Scott Saleska, David Battisti, William …; Edgewater Environmental Coalition; J. Leggett; Maryland Department of the Environment; Michael (Mike) Aucott, Ph.D.",dismissed_out_of_scope,dismissed_out_of_scope,not_addressed
3.1|31,3.1,"Peer-reviewed research published since 2009 documents climate-driven increases in human mortality and morbidity — cardiovascular and respiratory disease, food-, water- and vector-borne disease, mental health harms, and occupational/worker morbidity and mortality (e.g., Schulte et al.; Gibb et al.) — reinforcing and strengthening the endangerment finding.",0,"American College of Occupational and Environmental Medicine…; Individual commenter; Brittany James, Cassandra Ortiz-Nelsen, Aryn O'Dell, Jessic…; Carter Strickland, Chief Sustainability Officer, The State …; Center for an Ecology-Based Economy (CEBE); Edison Global Solutions, LLC (Kathy Edison, MPH, DrPH(c), P…",dismissed_out_of_scope,dismissed_out_of_scope,not_addressed
OTHER|85,OTHER,"Climate impacts already disrupt guiding and recreation economies: wildfire smoke and debris flows compress guiding seasons, and permafrost-thaw landslides such as Pretty Rocks closed the Denali Park Road in 2021 and 2023, harming gateway towns.",0,American Mountain Guides Association (AMGA),not_addressed,not_addressed,not_addressed
3.1|594,3.1,"Warming and elevated CO2 promote weeds and invasive species (yellow star thistle, Ventenata grass), push weed ranges northward and reduce herbicide effectiveness, imposing agricultural, forage and land-productivity costs.",0,"Eastern Oregon Climate Change Coalition (EOC3), Jeff Blackw…; National Sustainable Agriculture Coalition (NSAC); Nez Perce Tribe; Rebecca Turner, Chief Policy and Partnerships Officer, Amer…; Suzanne Hume, Educational Director and Founder, CleanEarth4…; Individual commenter",dismissed_out_of_scope,dismissed_out_of_scope,not_addressed
3.1|222,3.1,"Elevated atmospheric CO2 degrades the nutritional quality of crops and wild plants by diluting protein, zinc, iron, micronutrients and antioxidants, threatening nutrition for billions and biodiversity; this was not considered in the 2009 Finding and supplementation cannot compensate.",0,"Individual commenter; CO2 Coalition (Dr. D. Weston Allen, Dr. Jan Breslow, Dr. Da…; Frances Stewart, MD; Michael (Mike) Aucott, Ph.D.; National Sustainable Agriculture Coalition (NSAC); Suzanne Hume, Educational Director and Founder, CleanEarth4…",dismissed_out_of_scope,not_addressed,not_addressed
3.1|113,3.1,"Orbital (Milanković) and ice-core/paleoclimate forcing indicate Earth should currently be gradually cooling, so natural orbital cycles cannot explain recent warming.",0,Individual commenter; Vincent S. Cronin,dismissed_out_of_scope,dismissed_out_of_scope,not_addressed
3.1|17,3.1,"The paleoclimate observation that temperature led CO2 in Vostok records is explained by Milankovitch orbital forcing with CO2 as a positive feedback, and does not undercut human causation of modern warming.",0,"Andean Tapir Fund; Individual commenter; Individual commenter; Individual commenter; Michael (Mike) Aucott, Ph.D.",dismissed_out_of_scope,not_addressed,not_addressed
3.1|609,3.1,"Non-CO2 well-mixed greenhouse gases are high-leverage, non-negligible climate drivers: methane (roughly 80-87 times CO2 over 20 years, more than doubled since pre-industrial, responsible for ~0.5°C and ~25% of climate pollution, with surging concentrations and feedback sources such as permafrost melt, deforestation and gas-system releases) and nitrous oxide have long/potent warming effects, cutti…",0,"American Thoracic Society (ATS); Individual commenter; Liveable Arlington; Pueblo of San Felipe (Governor Anthony Ortiz and Lt. Govern…; Rebecca Turner, Chief Policy and Partnerships Officer, Amer…",dismissed_out_of_scope,not_addressed,not_addressed
3.1|73,3.1,"EPA and the DOE/CWG report systematically misrepresent the climate-economics literature and consensus (misquoting Storm 2017, relying on discredited Tol 2017, selectively quoting Dietz et al. 2021 and Newell et al. 2021) while omitting mainstream research finding large negative U.S. GDP and growth impacts with regressive distributional burdens.",0,"Center for Biological Diversity (Shaye Wolf, Ph.D.; Emily D…; Joseph E. Aldy et al. (group of climate and environmental e…",dismissed_out_of_scope,dismissed_out_of_scope,not_addressed
OTHER|2,OTHER,"EPA ignores that clean energy alternatives (solar costs down 84% since 2009, wind down 55%, heat pumps, offshore wind) are now reliable and the least expensive source of new generation, undercutting the assumption that fossil generation is necessary.",0,Individual commenter; Individual commenter; Southern Alliance for Clean Energy (SACE),not_addressed,not_addressed,not_addressed
OTHER|106,OTHER,"Polling and community input show large bipartisan majorities of Americans believe climate change is human-caused and harmful and support regulating carbon dioxide (e.g., 86 percent of voters), so the rescission contradicts public opinion and the will of the public EPA serves.",0,Individual commenter; Individual commenter; Individual commenter; Individual commenter; Individual commenter; Healthy Climate Maryland,not_addressed,not_addressed,not_addressed
OTHER|131,OTHER,Knowingly dismantling protections endangers public health in a way that would be criminal if done by a private corporation.,0,Order of Ethical Equilibrium,not_addressed,not_addressed,not_addressed
3.1|359,3.1,"Climate-driven extreme weather disrupts cancer care and screening — delaying treatment, damaging radiotherapy and clinical infrastructure, severing drug supply chains — worsening survival, with an estimated 10,000 excess breast or colorectal cancer deaths from screening disruption.",0,"Connecticut League of Conservation Voters (Lori Brown, Exec…; Individual commenter; MontWA Realty, Inc.; Oncology Advocates United for Climate and Health - Internat…; People for Climate Action; Town of Truckee, California (Mayor Jan Zabriskie and Vice M…",dismissed_out_of_scope,not_addressed,not_addressed
OTHER|61,OTHER,"The fossil fuel industry has known of climate harms since the 1950s and engaged in decades of disinformation, making EPA's reliance on its arguments inexcusable.",0,Physicians for Social Responsibility Pennsylvania; Individual commenter,not_addressed,not_addressed,not_addressed
OTHER|8,OTHER,Fossil energy production in Western Pennsylvania brought economic benefit but at a health cost that must not continue.,0,"Kim Anderson, Director of Member Mobilization, Evangelical …",not_addressed,not_addressed,not_addressed
3.1|103,3.1,"Applying Executive Order 14303 to sideline the National Climate Assessment conflicts with the Global Change Research Act's statutory mandate, and an executive order cannot set aside congressional legislation.",0,"Attorneys General of Massachusetts, New York, California, a…; Center for Biological Diversity, Clean Air Task Force, Eart…; Individual commenter; Environmental Protection Network (EPN); H. Christopher Frey, Ph.D.; Joel B. Smith et al. (former members of the NASEM ad hoc Co…",dismissed_out_of_scope,dismissed_out_of_scope,not_addressed
3.1|233,3.1,"The 2009 Endangerment Finding rests on an extensive body of rigorous peer-reviewed assessment science, has been judicially upheld, and every major post-2009 synthesis assessment (IPCC AR5/AR6 and 2023 Synthesis, NCA4/NCA5, NASEM 2025, U.S. GHG Inventory, EPA's 2022 petition denial) plus the peer-reviewed Duffy/Field et al. Science review of post-2009 evidence has strengthened rather than weakened…",0,"Adena Ishii, Mayor, City of Berkeley; American Chemical Society (ACS); Brad M. Cavanagh, Mayor, City of Dubuque, Iowa; Brett P. Smiley, Mayor of Providence; Callie Sharp, Environmental Law & Policy Center (ELPC); Cassie McClure, Las Cruces City Councilor – District 1",dismissed_out_of_scope,dismissed_out_of_scope,not_addressed
3.1|324,3.1,"Climate change is lengthening and intensifying pollen seasons, worsening allergies and asthma.",0,"Doug Heiken, Oregon Wild; Hawk Migration Association; Marilyn V. Howarth, MD, FACOEM, Center of Excellence in Env…; Minnesota Pollution Control Agency (MPCA), Minnesota Depart…; National Parks Conservation Association, Coalition to Prote…; Individual commenter",dismissed_out_of_scope,not_addressed,not_addressed
3.1|251,3.1,"Countries must build climate-resilient health systems to avoid widening health inequities, yet less than 2 percent of multilateral climate finance goes to health.",0,"Individual commenter; Brittany James, Cassandra Ortiz-Nelsen, Aryn O'Dell, Jessic…",dismissed_out_of_scope,not_addressed,not_addressed
OTHER|10,OTHER,"The rulemaking fails to address artificial intelligence and its role in cleaner vehicles, power demand, leak control, and emissions data reporting.",0,Individual commenter,not_addressed,not_addressed,not_addressed
3.1|60,3.1,"EPA's and the DOE/CWG report's claim that sea-level rise is minimal or shows 'no obvious acceleration' is contradicted by satellite altimetry, tide-gauge and proxy evidence of clear acceleration, and the report omits key literature, contradicts its own figure, and cherry-picks noisy individual tide gauges; NOAA documents 400–1,100% increases in high-tide flooding days since 2000.",0,"Adam D. Orford and 16 other law professors and legal schola…; California Air Resources Board (Steven S. Cliff, Executive …; Center for Biological Diversity, Clean Air Task Force, Eart…; Individual commenter; City of Olympia, Washington (Mayor Dontae Payne); Climate Democracy Initiative",dismissed_out_of_scope,dismissed_out_of_scope,not_addressed
3.1|171,3.1,"Climate-driven disasters impose large and rising fiscal costs on state and local governments, including documented damages and multi-billion-dollar adaptation/resilience obligations (Rhode Island, New Mexico, New York, Mystic River watershed) and measurable spending increases (each 1°F of annual warming produced a 3.2% rise in Massachusetts local government services spending).",0,"Alan Webber, Mayor, City of Santa Fe, New Mexico; Brett P. Smiley, Mayor of Providence; Individual commenter; California Congressional Delegation (Sen. Alex Padilla, Sen…; Carter Strickland, Chief Sustainability Officer, The State …; Cassie McClure, Las Cruces City Councilor – District 1",dismissed_out_of_scope,not_addressed,not_addressed
3.1|204,3.1,"EPA commits a recurring logical error: criticizing 2009 projections and invoking the absence of a detectable signal for particular outcomes addresses extent or detectability of harm rather than whether GHGs cause harm, whereas the statutory test requires only net negative and substantial aggregate effects.",0,"Marshall Burke, Jennifer Burney, Christopher Callahan, Solo…; New Jersey Congressional Delegation (Rep. Robert J. Menende…; Individual commenter",dismissed_out_of_scope,dismissed_out_of_scope,not_addressed
3.1|336,3.1,"Climate change and extreme weather exposure cause substantial, well-documented mental, behavioral and cognitive health harms — PTSD, depression, anxiety, suicidality, substance use, psychiatric hospitalizations, eco-distress, impaired cognition — plus elevated death risk for people with pre-existing psychiatric illness (threefold higher mortality among people with schizophrenia in the 2021 heat d…",0,"American Lung Association, Alliance of Nurses for Healthy E…; American Psychological Association Services Inc. (APA Servi…; California Department of Public Health (Erica Pan, MD, MPH,…; Climate Psychiatry Alliance (Robin Cooper, MD); Gary Belkin, MD, PhD, MPH, President, Billion Minds Institu…; Medical Society Consortium on Climate and Health, Academic …",dismissed_out_of_scope,dismissed_out_of_scope,dismissed_out_of_scope
3.1|373,3.1,"EPA's proposal spreads false or misleading climate claims and portrays climate change as beneficial, amounting to disinformation serving polluting industries and contrary to science and the Clean Air Act.",0,"350Mass--Transportation Working Group et al. (112 undersign…; CO2 Coalition (Dr. D. Weston Allen, Dr. Jan Breslow, Dr. Da…; Clean Air Council; J. Spenser Lotz; Individual commenter; National Sustainable Agriculture Coalition (NSAC)",dismissed_out_of_scope,dismissed_out_of_scope,not_addressed
3.1|451,3.1,"Climate-driven extreme heat and fossil-fuel air pollution harm maternal, reproductive and infant health (reduced fertility, birth defects, gestational diabetes, hypertensive disorders, miscarriage, preterm birth, low birth weight, stillbirth, neonatal and offspring neurodevelopmental harm), with quantified effects such as ~36 gestation days lost per gigaton of CO2 emitted and reduced preterm birt…",0,"Individual commenter; Aliados Health (Tracy Mendez, Chief Executive Officer); Individual commenter; Clean Air Council; Flora for Fauna (Cynthia Krock Boxerman, President and Foun…; Frances Stewart, MD",dismissed_out_of_scope,not_addressed,not_addressed
3.1|43,3.1,"The CWG report's U.S. temperature trend claims rest on cherry-picked datasets not corrected for known measurement biases, relying only on lower-48 USHCN data and omitting Alaska where warming is fastest; modern statistical methods show warming has been underrepresented rather than exaggerated.",0,"Coleman Jennewein; National Parks Conservation Association, Coalition to Prote…; Robert B. McKinstry, Jr., et al. (group of attorneys, acade…; The Alaska Center (Jennifer Hyde, Federal Infrastructure Co…",dismissed_out_of_scope,dismissed_out_of_scope,not_addressed
3.1|549,3.1,The DOE report's attribution of 40% or more of late-20th-century warming to natural internal variability via the Great Pacific Climate Shift ignores evidence that the observed pattern of trends has instead reduced warming since ~1980.,0,"Alan Journet, Ph.D., Cofacilitator, Southern Oregon Climate…; Ernest LaFlure; Kyle Armour; National Parks Conservation Association et al.",dismissed_out_of_scope,dismissed_out_of_scope,not_addressed
3.1|315,3.1,"Climate-driven extreme weather creates toxic-exposure risks by mobilizing hazardous substances: flooding of contaminated sites (the 945 vulnerable Superfund sites GAO identified, 252 flooded in 2017 hurricanes), storm-triggered industrial/petrochemical releases (Hurricane Ida's 2,230+ pollution events and 730 tons of excess air pollution; Harvey's ~2,000 tons of excess carcinogenic emissions and …",0,"American Society for Microbiology (ASM); Harris County, Texas (Office of the Harris County Attorney,…; Marc Elrich, County Executive, Montgomery County, Maryland; Mark F. Squilla; Moms Clean Air Force (Cynthia Palmer, Senior Analyst, Petro…",dismissed_out_of_scope,not_addressed,dismissed_out_of_scope
3.1|9,3.1,"Attacks on emissions scenarios misconceive their nature: scenarios are conditional projections rather than predictions, RCP8.5 comes from AR6 and was not the basis of the 2009 Finding, and policy responses such as the Paris Agreement have already shifted pathways as scenarios were intended to inform.",0,"Center for Climate and Energy Solutions (C2ES); Philip B. Duffy, Martin Wolf, Ryan Price (Spark Climate Sol…",dismissed_out_of_scope,dismissed_out_of_scope,not_addressed
OTHER|80,OTHER,"Faith traditions and religious/moral teaching (Catholic care for creation, Laudate Deum, Unitarian Universalist principles, Jewish texts and pikuach nefesh, Scripture) impose a moral, intergenerational stewardship duty to protect the environment incompatible with rescinding the Endangerment Finding; environmental protection is also a conservative value.",0,"Greater Kansas City AZA #2 and Two's AZA (BBYO, Inc.); Jewish Youth Climate Movement; Maryland Native Plant Society (MNPS); Massachusetts Interfaith Power and Light (Rev. Michael Reed…; NETWORK Lobby for Catholic Social Justice; National Religious Partnership for the Environment (NRPE) e…",not_addressed,not_addressed,not_addressed
3.1|541,3.1,"Warming and acidification of oceans, lakes and estuaries are degrading aquatic systems and human uses — more frequent harmful algal blooms in drinking and recreational waters causing illness, advisories and lost recreation revenue (Lake Erie, Finger Lakes, Great Lakes), reduced Great Lakes ice and shoreline erosion, worsening Chesapeake Bay hypoxia, habitat loss and northward shifts in fish stock…",0,"Ann Mesnikoff, Environmental Law & Policy Center (ELPC); Chesapeake Bay Foundation, Inc. (CBF); Clean Water Action et al. (coalition of 19 organizations in…; Edgewater Environmental Coalition; Environmental Law & Policy Center (ELPC) et al.; Environmental Law & Policy Center (ELPC), Hoosier Environme…",dismissed_out_of_scope,not_addressed,dismissed_out_of_scope
3.1|427,3.1,Climate-driven increases in airborne dust and intensified southwestern U.S. dust storms will cause hundreds of additional hospital visits and deaths per year by 2050 plus transportation safety harms.,0,"Alberto Jaramillo; California Department of Public Health (Erica Pan, MD, MPH,…; David C. Stout, County Commissioner, El Paso County, Texas …; Jana B. Milford; Marshall Burke, Jennifer Burney, Christopher Callahan, Solo…; National Nurses United",dismissed_out_of_scope,not_addressed,not_addressed
3.1|558,3.1,"Warming is driven by trapped internal heat gain from power plants and building cooling rather than the sun or greenhouse gases, and this heat is melting glacier ice.",0,"Individual commenter; Climate Action Campaign at Humboldt UU Fellowship; L.I.G.H.T. Foundation (Amelia AM Marchand, Executive Direct…; Marilyn V. Howarth, MD, FACOEM, Center of Excellence in Env…; Native Village of Nunapitchuk (Nunapitchuk IRA Council), Wa…; Rev. Dr. Jessica Moerman, President/CEO, Evangelical Enviro…",dismissed_out_of_scope,not_addressed,not_addressed
3.1|629,3.1,"The DOE report's claim that the social cost of carbon is uninformative and possibly near zero rests on an out-of-date economics review that ignores a decade of peer-reviewed scholarship, including EPA's 2023 SC-GHG report and a meta-analysis of 147 studies finding a mean SCC of $231–$283 per ton.",0,Institute for Policy Integrity at New York University Schoo…; Joseph E. Aldy et al. (group of climate and environmental e…; Individual commenter,dismissed_out_of_scope,not_addressed,not_addressed
3.1|344,3.1,"More intense precipitation increases combined sewer overflow events, which are associated with elevated risk of acute gastrointestinal illness.",0,"Brett P. Smiley, Mayor of Providence; Mystic River Watershed Association (MyRWA); Ocean Conservancy (Caroline Bonfield, U.S. Policy Manager, …",dismissed_out_of_scope,not_addressed,not_addressed
3.1|135,3.1,Water-related risks and mortality from water-related extremes increase under all warming scenarios and fall disproportionately on vulnerable populations.,0,"Individual commenter; Board of County Commissioners of Thurston County, WA; City of Louisville, Colorado (Diana Langley, City Manager); City of Northglenn, Colorado (Mayor Meredith Leighty, on be…; David C. Stout, County Commissioner, El Paso County, Texas …; Individual commenter",dismissed_out_of_scope,not_addressed,not_addressed
3.1|350,3.1,"Mitigation and resilience investment is economically sound, with each dollar of hazard mitigation yielding about $6 in avoided damages and benefit-cost ratios up to 13:1 including cleanup.",0,"Daniel Hamilton, Chief Resilience Officer, City of Oakland,…; Rebecca L. Tepper, Secretary, Massachusetts Executive Offic…; Individual commenter",dismissed_out_of_scope,not_addressed,not_addressed
3.1|505,3.1,"New evidence identifies entire categories of endangerment not considered in 2009 — ocean acidification (which harms public welfare independent of warming and provides an independent legal basis for endangerment), violence, national security and economic well-being — that should be incorporated into the endangerment framing.",0,"Individual commenter; Individual commenter; Mormon Women for Ethical Government (MWEG); New York Congressional Delegation (Rep. Paul D. Tonko et al…; Philip B. Duffy, Martin Wolf, Ryan Price (Spark Climate Sol…; Individual commenter",dismissed_out_of_scope,dismissed_out_of_scope,not_addressed
3.1|370,3.1,"Nitrous oxide is itself a teratogen and systemic toxicant (mucous membrane irritation; blood, liver, kidney and nervous system damage; increased miscarriage risk in occupationally exposed women), independently supporting endangerment.",0,Individual commenter,dismissed_out_of_scope,not_addressed,not_addressed
3.1|163,3.1,"The warming effect of added CO2 is settled basic physics with a lineage from Fourier, Tyndall and Arrhenius and official warnings since 1965: doubling CO2 warms Earth ~1 K before feedbacks, roughly doubled by water-vapor feedback, and IPCC AR6's high-confidence ranges for forcing and temperature response exclude zero.",0,"Deborah J. Glick, Assemblymember, 66th District, New York S…; Dr. David L. Greene; Individual commenter; Individual commenter",dismissed_out_of_scope,not_addressed,not_addressed
3.1|246,3.1,"Rapid climate change is a leading driver of species extinction risk (about 15% of species threatened under high emissions), and EPA's neglect of biodiversity and ecosystem-service losses (clean air, water, medicines, food security) misses a key pathway by which GHG emissions endanger public health and welfare.",0,"Individual commenter; Alan Webber, Mayor, City of Santa Fe, New Mexico; Individual commenter; Confederated Tribes of the Grand Ronde Community of Oregon …; Defenders of Wildlife; Friends of Animals (Jennifer Best, Director, Wildlife Law P…",dismissed_out_of_scope,not_addressed,not_addressed
3.1|139,3.1,"Heavier storms and more intense precipitation will overwhelm water and sewage infrastructure, flushing sewage, chemicals, pathogens, plastics and nutrient/sediment loads into rivers, lakes and groundwater and undermining goals like the Chesapeake Bay TMDL.",0,"Board of County Commissioners of Thurston County, WA; Chesapeake Bay Foundation, Inc. (CBF); Humboldt Waterkeeper (Sylvia van Royen, GIS & Policy Analys…; Native Village of Nunapitchuk (Nunapitchuk IRA Council), Wa…; Ocean Conservancy (Caroline Bonfield, U.S. Policy Manager, …; Torrey Brown",dismissed_out_of_scope,not_addressed,not_addressed
3.1|536,3.1,"Climate change is degrading U.S. water availability and quality — an accelerated hydrologic cycle with declining snowpack, earlier runoff and shifts from snow- to rain-dominant basins, an unprecedented anthropogenic Southwest megadrought documented by ~1,200 years of tree-ring records, reduced Colorado River, Columbia, Rio Grande and Great Salt Lake flows, groundwater/aquifer depletion (Ogallala;…",0,"Individual commenter; American Mountain Guides Association (AMGA); Individual commenter; Berkshire Regional Planning Commission (Thomas Matuszko, Ex…; Boulder County, Colorado Board of County Commissioners; Bruce Harrell, Mayor, City of Seattle, WA",dismissed_out_of_scope,not_addressed,not_addressed
3.1|141,3.1,"Claimed net benefits from CO2 fertilization/'global greening' and modest warming for agriculture and forestry are overstated and outweighed by adverse effects (nitrogen/water limits, vapor pressure deficit, heat, drought, pests, degraded nutritional quality, allergenic pollen), expert assessments already account for fertilization and adaptation, and the net-benefit conclusion rests on cherry-pick…",0,"Adam D. Orford and 16 other law professors and legal schola…; Individual commenter; Individual commenter; Center for Biological Diversity (Shaye Wolf, Ph.D.; Emily D…; Center for Biological Diversity, Clean Air Task Force, Eart…; Individual commenter",dismissed_out_of_scope,not_addressed,not_addressed
3.1|491,3.1,"State, local, tribal, county and port commenters document climate harms already occurring in their own jurisdictions — longer and deadlier heat waves, wildfire and smoke, drought and aridification, reduced snowpack and reservoir loss, bark beetle forest mortality, heavier rainfall and repeated flooding, dust storms, shoreline erosion, glacial retreat and salmon habitat loss, algal blooms, faster-…",0,"Berkshire Regional Planning Commission (Thomas Matuszko, Ex…; Chris Roberts, Mayor, City of Shoreline, Washington; City of Santa Barbara, California (Mayor Randy Rowse); Connecticut Department of Energy and Environmental Protecti…; Environmental Law Students, SMU Dedman School of Law; Jennifer Eden, M.S., Senior Climate & Clean Energy Associat…",dismissed_out_of_scope,dismissed_out_of_scope,dismissed_out_of_scope
3.1|8,3.1,"Net benefits from climate change are implausible given the magnitude and rate of projected change: 3–4.5 °C of warming this century is comparable to the ~6 °C change since the Last Glacial Maximum, and current change is faster and larger than anything in the past 10,000 years while human and natural systems are tuned to the existing climate.",0,"Alliance of Nurses for Healthy Environments (ANHE); American Meteorological Society (AMS); Individual commenter; Individual commenter; Peter Adams, Paulina Jaramillo, Jeremy J. Michalek, Kate S.…; Town of Truckee, California (Mayor Jan Zabriskie and Vice M…",dismissed_out_of_scope,dismissed_out_of_scope,not_addressed
OTHER|98,OTHER,Repealing climate protections while simultaneously weakening FEMA and disaster response makes Americans less safe and more vulnerable.,0,"Todd Larsen, Green America; Troy A. Carter Sr. and Cleo Fields, Members of Congress",not_addressed,not_addressed,not_addressed
3.1|587,3.1,"Climate damages are severely unequal distributionally, with southern low-income U.S. counties losing 5-20% of GDP per additional degree of warming versus 1.2% nationally.",0,Mystic River Watershed Association (MyRWA); Southern Environmental Law Center (SELC),dismissed_out_of_scope,not_addressed,not_addressed
3.1|573,3.1,"The DOE report fails to account for climate-driven shifts in regional comparative advantage in agriculture, which will harm already-warm regions.",0,"Individual commenter; Attorneys General of Massachusetts, New York, California, a…; Joseph E. Aldy et al. (group of climate and environmental e…; Michael C. MacCracken",dismissed_out_of_scope,dismissed_out_of_scope,not_addressed
OTHER|47,OTHER,Reducing EPA staffing and eliminating science offices such as the Office of Research and Development and the IRIS program undermines peer-reviewed assessments and the agency's ability to fulfill its health and environmental protection mission.,0,Individual commenter; Individual commenter; National Religious Partnership for the Environment (NRPE) e…,not_addressed,not_addressed,not_addressed
3.1|94,3.1,"EPA's framing that sea level has risen in some places and fallen in others is misleading; satellite altimetry shows near-global rise and apparent local declines reflect glacial-isostatic uplift or vertical land motion, and a nationally aggregated view is the wrong analytic lens because sea-level rise is experienced locally.",0,"Individual commenter; Individual commenter; Individual commenter; Individual commenter; Michael (Mike) Aucott, Ph.D.; New Jersey Department of Environmental Protection",dismissed_out_of_scope,not_addressed,not_addressed
3.1|75,3.1,The DOE report's discussion of tipping points is confusing and fails to use an authoritative definition such as IPCC AR6 or Lenton et al. (2008).,0,Individual commenter; Joseph E. Aldy et al. (group of climate and environmental e…; Maryland Native Plant Society (MNPS); Thomas Swarr; Union of Concerned Scientists; Individual commenter,dismissed_out_of_scope,dismissed_out_of_scope,not_addressed
3.1|392,3.1,"The NPRM's framing of GHG harm via elevated concentrations in the 'upper atmosphere' is a fundamental scientific error: CO2's radiative effect operates in the troposphere, GHGs are well-mixed with higher concentrations near the surface (~80% of CO2 in the troposphere, >99.999% below the upper atmosphere), and those terms never appear in the 2009 Finding — casting doubt on EPA's competence and sho…",0,"Individual commenter; Climate Protection & Restoration Initiative (CPR) et al. (D…; J. Leggett; Peter Adams, Paulina Jaramillo, Jeremy J. Michalek, Kate S.…",dismissed_out_of_scope,not_addressed,not_addressed
3.1|596,3.1,"Hotter temperatures increase PFAS uptake in crops, contaminating the food supply.",0,"Akiachak Native Community (Noelle George, Tribal Administra…; Climate Reality Project, Portland, Oregon Chapter (Katherin…; Dana Nessel, Attorney General of the State of Michigan; Minnesota Pollution Control Agency (MPCA), Minnesota Depart…; Moms Clean Air Force (Cynthia Palmer, Senior Analyst, Petro…; Native Village of Kwinhagak (Mary Matthew, Tribal Council P…",dismissed_out_of_scope,not_addressed,not_addressed
3.1|178,3.1,"Climate-driven disasters and extreme events disrupt health care delivery — damaging facilities, interrupting medical supply chains, blocking access to care, increasing heat-related ED visits, and harming clinician wellbeing — threatening patient safety and hospital operations.",0,"Anne E. Lopez, Attorney General of the State of Hawai'i; Colorado Communities for Climate Action (CC4CA), Jacob Smit…; Harris County, Texas (Office of the Harris County Attorney,…; Health Care Without Harm (HCWH); Investor Advocates for Social Justice (IASJ); Leah Feldon, Director, Oregon Department of Environmental Q…",dismissed_out_of_scope,dismissed_out_of_scope,not_addressed
OTHER|70,OTHER,"Decades of Clean Air Act experience show industry can meet new standards, so backsliding should not be allowed.",0,Individual commenter,not_addressed,not_addressed,not_addressed
3.1|627,3.1,"EPA has a pattern of selectively quoting or misrepresenting uncertainty statements in scientific assessments to distort their overall conclusions, as it did with the 2001 NAS report and the 2003 NAS/NRC Climate Change Science report.",0,"Climate Scientists (Scott Saleska, David Battisti, William …; Individual commenter; Individual commenter; Noah Koflowitch; Robert M. Gould, M.D., President, San Francisco Bay Physici…",dismissed_out_of_scope,dismissed_out_of_scope,not_addressed
3.1|416,3.1,"Reductions in GHGs and co-pollutants measurably improve air quality and health, as demonstrated by the COVID-19 lockdown period.",0,"Climate Pierce County (Evlondo Cooper); Fairfax County, VA (Jeffrey C. McKay, Chairman, Board of Su…; Jason Nguyen",dismissed_out_of_scope,not_addressed,not_addressed
3.1|590,3.1,"Air pollution degrades floral scents and can reduce successful pollination by as much as 90%, threatening agriculture and ecosystems.",0,"Individual commenter; Flora for Fauna (Cynthia Krock Boxerman, President and Foun…; Michael C. MacCracken; Suzanne Hume, Educational Director and Founder, CleanEarth4…",dismissed_out_of_scope,not_addressed,not_addressed
3.1|331,3.1,"Climate change is harming ecosystems, wildlife and biodiversity Americans depend on, with economic consequences — FWS recovery documents for over 90% of listed animals cite climate change; biome conversion in New Mexico; phenological/snowshoe hare mismatch; 5-22% projected loss of Washington salmon habitat; shrinking Great Plains bison; 4 million common murre deaths in the marine 'blob'; salmon d…",0,"Alaska Institute for Justice (Sheryl Musgrove, Director, Cl…; Climate Solutions (Meredith Connolly, Director of Policy an…; Defenders of Wildlife; Eastern Oregon Climate Change Coalition (EOC3), Jeff Blackw…; National Parks Conservation Association et al.; New Mexico Environment Department (James C. Kenney, Cabinet…",dismissed_out_of_scope,dismissed_out_of_scope,not_addressed
3.1|83,3.1,"The CWG/DOE report's solar-forcing discussion is scientifically unreliable and one-sided: it relies on fringe or superseded TSI reconstructions (Hoyt & Schatten 1993; Connolly et al. 2021) rather than robust ones (Matthes et al. 2017), omits published critiques, overstates ocean oscillations, and mishandles the ACRIM gap.",0,"Adam D. Orford and 16 other law professors and legal schola…; Individual commenter; H. Christopher Frey, Ph.D.; Kyle Armour; Thomas Swarr",dismissed_out_of_scope,dismissed_out_of_scope,not_addressed
3.1|106,3.1,"The DOE/CWG report contains additional specific substantive errors and biased framing: it cherry-picks unreliable early NIFC wildfire data and misstates NIFC's data-removal date (pre-1983, not pre-1960), rendering Figure 6.8.3 misleading while omitting the climate-linked rise in Western U.S. wildfire; misrepresents Piao et al. (2020) by attributing Arctic greening to CO2 fertilization rather than…",0,"Center for Climate and Energy Solutions (C2ES); H. Christopher Frey, Ph.D.; National Parks Conservation Association, Coalition to Prote…; Thomas Swarr; Union of Concerned Scientists",dismissed_out_of_scope,dismissed_out_of_scope,not_addressed
3.1|490,3.1,"Increased climate-driven flooding, landslides and glacier-retreat geohazards endanger health through drowning, injury, contaminated drinking water and sewage-borne illness, mold-related respiratory effects and long-term mental health harms (Jackson, Mississippi 2022; southwestern Pennsylvania landslides; USGS/NPS-documented debris flows at Mount Rainier), and actual flood exposure far exceeds FEM…",0,"American Mountain Guides Association (AMGA); American Society of Landscape Architects (ASLA); Angela Birney, Mayor, City of Redmond, WA; Chinik Eskimo Community (Native Village of Golovin), Dean P…; Katherine Borgella, Tompkins County Commissioner of Plannin…; Mary Lou Pauly, Mayor, City of Issaquah, Washington",dismissed_out_of_scope,not_addressed,not_addressed
3.1|77,3.1,"Paleoclimate data on Last Glacial Maximum cooling (Tierney et al.; Seltzer et al.) imply a doubled-CO2 equilibrium climate sensitivity of about 4.8 °C ± 1.2 °C, contradicting low-sensitivity claims.",0,Individual commenter; Joseph E. Aldy et al. (group of climate and environmental e…; Individual commenter,dismissed_out_of_scope,not_addressed,not_addressed
OTHER|97,OTHER,"SEIU members who work outdoors are particularly vulnerable to climate-related harms, giving the union an interest in continued regulation of climate-altering pollution.",0,"Service Employees International Union (SEIU), by counsel De…",not_addressed,not_addressed,not_addressed
3.1|497,3.1,"EPA's and the CWG report's dismissal of ocean acidification is scientifically indefensible and ignores this non-climate harm of CO2: it misrepresents its cited sources (unsupported publication-bias claim from a 2016 paper; false claim that most marine life evolved in mildly acidic oceans), relies on irrelevant geologic-time pH comparisons, and ignores measured pH decline (8.2 to 8.1, ~30% rise in…",0,"Attorneys General of Massachusetts, New York, California, a…; Center for Biological Diversity (Shaye Wolf, Ph.D.; Emily D…; Individual commenter; Frances Stewart, MD; Leah Feldon, Director, Oregon Department of Environmental Q…; Michael (Mike) Aucott, Ph.D.",dismissed_out_of_scope,dismissed_out_of_scope,not_addressed
3.1|563,3.1,"The CWG's own conclusion that existing standards have not reduced climate risk argues for stronger regulation and emissions moratoriums, not repeal.",0,Individual commenter; Dri Ocean Products LLC; Individual commenter,dismissed_out_of_scope,not_addressed,not_addressed
3.1|82,3.1,"Criticism of RCP8.5 as 'business as usual' is a strawman: the IPCC never labeled RCP8.5 a baseline or BAU scenario, and Burgess et al. and the DOE report misrepresent this.",0,"A. G. Randol III, Ph.D.; Center for Climate and Energy Solutions (C2ES); Christopher Field, Bodie Cabiyo, Leona Neftaliem, and Conno…; J. Leggett",dismissed_out_of_scope,not_addressed,not_addressed
3.1|212,3.1,"Observed increases in well-mixed greenhouse gases are primarily anthropogenic, as confirmed by isotopic fingerprinting/Suess effect, satellite CO2 flux observations (NASA OCO-2) and the physical requirement of a forcing — evidence EPA and the DOE CWG report fail to address.",0,Individual commenter; Individual commenter; SymbioSystems LLC,dismissed_out_of_scope,dismissed_out_of_scope,not_addressed
3.1|148,3.1,"Fossil fuel extraction and transport contaminate drinking water through spills, coal ash, valley fills, and radioactive flowback water.",0,"Clean Air Council; Climate Action Campaign at Humboldt UU Fellowship; L.I.G.H.T. Foundation (Amelia AM Marchand, Executive Direct…; Spokane Riverkeeper; Suzanne Hume, Educational Director and Founder, CleanEarth4…; Waterkeeper Alliance",dismissed_out_of_scope,not_addressed,not_addressed
3.1|267,3.1,"EPA and the CWG report ignore entire categories of climate harm and the post-2009 evidence base — floods, droughts, wildfire smoke, infectious and water-borne disease and vectors, food and water insecurity, heat exhaustion, kidney and cardiovascular disease, air quality, ecosystems, fisheries, livestock, labor productivity, vulnerable populations, and the morbidity literature (ED visits, mental h…",0,"Individual commenter; Healthy Environment Alliance of Utah (HEAL Utah); J. Leggett; Jeffrey Shrader and Matthew Gibson; Michael C. MacCracken; Neil Leary, Ph.D.",dismissed_out_of_scope,dismissed_out_of_scope,not_addressed
OTHER|88,OTHER,"Ongoing climate litigation by San Francisco and California against oil companies, which survived dismissal in 2023, confirms legally recognized climate damages.",0,San Francisco Environment Department (Director),dismissed_out_of_scope,not_addressed,not_addressed
3.1|388,3.1,"Food waste is a significant source of greenhouse gas emissions, so climate policy tools such as the endangerment finding are material to food recovery efforts.",0,"Alaska Public Interest Research Group (AKPIRG); Individual commenter; Arkansas Valley Audubon Society; Attorneys General of Massachusetts, New York, California, a…; Connecticut League of Conservation Voters (Lori Brown, Exec…; Greater Kansas City AZA #2 and Two's AZA (BBYO, Inc.)",dismissed_out_of_scope,not_addressed,not_addressed
OTHER|108,OTHER,Rescission disregards the government's duty under the Public Trust Doctrine and the Common Heritage of Humanity to safeguard natural resources for present and future generations.,0,"Individual commenter; Office of Strategic Planning & Community Development, City …; Order of Ethical Equilibrium; Rev. Dr. Jessica Moerman, President/CEO, Evangelical Enviro…; Individual commenter",not_addressed,not_addressed,not_addressed
3.1|220,3.1,"Severe climate impacts will occur even under lower emission scenarios, so the Report's critique of high-emission scenarios does not justify inaction.",0,"CALSTART (Levi Kamolnick, Federal Policy Director); Jennifer Eden, M.S., Senior Climate & Clean Energy Associat…; Leech Lake Band of Ojibwe, Division of Resource Management …; Individual commenter; Individual commenter; Rebecca L. Tepper, Secretary, Massachusetts Executive Offic…",dismissed_out_of_scope,dismissed_out_of_scope,not_addressed
3.1|580,3.1,"Climate change imposes an air-quality and aeroallergen 'climate penalty': warming increases ground-level ozone formation (climate and land-use change alone could raise ozone 2–3 ppb by mid-century), particulate matter, temperature inversions, pollen seasons (e.g., Minnesota ragweed season 18–21 days longer since 1995) and indoor mold, while the same combustion emits co-pollutants (PM2.5, NOx) — e…",0,"American Lung Association, Alliance of Nurses for Healthy E…; American Thoracic Society (ATS); Individual commenter; Brad M. Cavanagh, Mayor, City of Dubuque, Iowa; Brittany James, Cassandra Ortiz-Nelsen, Aryn O'Dell, Jessic…; California Air Resources Board (Steven S. Cliff, Executive …",dismissed_out_of_scope,not_addressed,not_addressed
3.1|149,3.1,The claim that only fossil fuels can supply energy economically is unsupported and inconsistent with the recent history of renewables and next-generation nuclear; clean energy is cheaper.,0,"Individual commenter; Michael (Mike) Aucott, Ph.D.; Prime Mover Institute (Russell Greene, Managing Director)",dismissed_out_of_scope,not_addressed,not_addressed
3.1|468,3.1,"The proposal's and CWG report's assumption that adaptation will shield U.S. populations is unsupported: heat-related mortality is underreported, adaptation potential was assessed as low or very low for a quarter to half of evaluated risks, adaptation and grid-hardening costs are ignored, U.S. adaptive capacity has not improved, flood exposure has grown faster than models predicted, cited adaptive…",0,"Adam D. Orford and 16 other law professors and legal schola…; Individual commenter; Individual commenter; Joel B. Smith; Rebecca L. Tepper, Secretary, Massachusetts Executive Offic…; The Clean Energy Group (CEG)",dismissed_out_of_scope,dismissed_out_of_scope,dismissed_out_of_scope
3.1|51,3.1,Uncertainty in climate projections cuts both ways and provides no basis for confidence that climate change poses little or no risk.,0,"Alabama Audubon; Environmental Law & Policy Center (ELPC), Hoosier Environme…; Hudson River Sloop Clearwater, Inc.; Individual commenter; Individual commenter",dismissed_out_of_scope,dismissed_out_of_scope,not_addressed
OTHER|21,OTHER,"EPA should establish a mechanism and funding for monitoring and compliance of GHG emissions, whose absence has allowed damaging buildup.",0,Individual commenter,not_addressed,not_addressed,not_addressed
3.1|460,3.1,"Record atmospheric CO2 concentrations (about 423 ppm in 2024, highest in 3–5 million years, with the largest annual increase on record) confirm rapid anthropogenic accumulation and support the Endangerment Finding.",0,"198 methods et al. (coalition of ~70 environmental justice,…; Attorneys General of Massachusetts, New York, California, a…; Individual commenter; Frits Byron Soepyan; Individual commenter; Individual commenter",dismissed_out_of_scope,dismissed_out_of_scope,not_addressed
3.1|93,3.1,"EPA and the DOE/CWG report ignore the already-occurring, measurable economic impacts of sea-level rise in the United States, and such observed welfare impacts (e.g., measured sea level rise on the Massachusetts coast) are factual observations that cannot be disproved by adopting a different model.",0,"Andrea Joy Campbell, Attorney General of the Commonwealth o…; Anne E. Lopez, Attorney General of the State of Hawai'i; Individual commenter; Individual commenter; Individual commenter; Individual commenter",dismissed_out_of_scope,not_addressed,not_addressed
3.1|455,3.1,Elevated CO2 favors invasive plants and may contribute to insect and insectivorous bird declines.,0,"Michael (Mike) Aucott, Ph.D.; Organized Village of Kwethluk (Kwethluk Indian Reorganizati…; Town of Wellesley, MA Climate Action Committee (Lise M. Oln…",dismissed_out_of_scope,not_addressed,not_addressed
OTHER|3,OTHER,"Rather than repealing standards, policy should promote clean alternatives—renewable energy, plant-based diets, and innovations such as warm LEDs and synthetic CO2-derived fuels.",0,Andean Tapir Fund; Individual commenter; Individual commenter,not_addressed,not_addressed,not_addressed
3.1|346,3.1,Official hurricane death counts vastly understate mortality; excess-death studies show far larger and longer-lasting tolls.,0,"Center for an Ecology-Based Economy (CEBE); Matthew J. Platkin, Attorney General of New Jersey; William N. Rom, M.D., MPH",dismissed_out_of_scope,not_addressed,not_addressed
3.1|507,3.1,"EPA's claim that the 2009 projections were 'unduly pessimistic' or worst-case is unsupported: the Finding used the full IPCC AR4 scenario range, actual GHG emissions rose 32% from 2000 to 2023 (within the projected range), and current IPCC temperature projections (1.4–4.4 °C by 2100) remain similar to the 1.8–4.0 °C range cited in 2009, with warming continuing as projected; present-day observed h…",0,"Individual commenter; Individual commenter; Cleco Power LLC (Bill Matthews, Director – Environmental Po…; Pacific Environment; Individual commenter; Philip B. Duffy, Martin Wolf, Ryan Price (Spark Climate Sol…",dismissed_out_of_scope,dismissed_out_of_scope,not_addressed
OTHER|125,OTHER,Rollbacks of pollution control are associated with a 32% reduction in species abundance and hundreds of millions of dollars in economic losses.,0,Individual commenter; Individual commenter,not_addressed,not_addressed,not_addressed
3.1|218,3.1,"Warming and severe storms will expand the range of plant pathogens, harming crop yield and quality.",0,"350 Pittsburgh Steering Committee; American Society for Microbiology (ASM); Berkshire Regional Planning Commission (Thomas Matuszko, Ex…; Individual commenter; Chris Van Hollen et al. (Maryland Congressional Delegation); Connecticut Office of the Attorney General (William E. Dorn…",dismissed_out_of_scope,dismissed_out_of_scope,dismissed_out_of_scope
3.1|323,3.1,"Climate change increases cardiovascular morbidity and mortality, as shown by a 2024 systematic review of 492 observational studies, with projected U.S. cardiovascular deaths up to 233% higher by mid-century if pollution controls are eliminated, and one-fifth of cardiovascular deaths already attributable to air pollution.",0,"American Lung Association, Alliance of Nurses for Healthy E…; California Air Resources Board (Steven S. Cliff, Executive …; California Department of Public Health (Erica Pan, MD, MPH,…; Individual commenter; Marc Elrich, County Executive, Montgomery County, Maryland; Medical Society of New Jersey (MSNJ)",dismissed_out_of_scope,not_addressed,not_addressed
3.1|523,3.1,Climate-driven food supply disruption abroad will cause political destabilization and mass migration/refugee flows that create crises for the United States.,0,Individual commenter; Individual commenter; Center for Environmental Law and Policy (CELP); Individual commenter; Michael C. MacCracken; Mystic River Watershed Association (MyRWA),dismissed_out_of_scope,not_addressed,not_addressed
3.1|345,3.1,"Warming has detectably intensified extreme precipitation and inland/flash flooding (consistent with Clausius-Clapeyron), making flooding the most common and costly U.S. disaster — e.g., 55-70% increases in Northeast heavy precipitation since 1958, ~42% stronger intense Midwest events, hourly rainfall up to 28% above NOAA Atlas 14, the July 2025 Texas/Kerr County floods, Hurricanes Helene and Ida,…",0,"Alan Vandersloot, Vice President, West York Borough Council…; Berkshire Regional Planning Commission (Thomas Matuszko, Ex…; Boulder County, Colorado Board of County Commissioners; Brad M. Cavanagh, Mayor, City of Dubuque, Iowa; Canoe Cruisers Association (CCA); Cathy Becker, Green America",dismissed_out_of_scope,dismissed_out_of_scope,dismissed_out_of_scope
3.1|254,3.1,"The CWG author team lacks expertise in public health, agriculture, ecology and other fields essential to assessing climate risks to health and welfare.",0,"American Meteorological Society (AMS); Individual commenter; Individual commenter; Board of County Commissioners of Thurston County, WA; Business Roundtable; Individual commenter",dismissed_out_of_scope,not_addressed,not_addressed
3.1|454,3.1,"The DOE/CWG report's treatment of agriculture and CO2 fertilization is flawed: it misrepresents Ainsworth and Long (2021) by omitting negative findings (10% productivity decrease with 2 °C warming) and relies on methodologically invalid statistical studies correlating trending CO2 concentrations with trending crop yields, producing spurious correlations.",0,"Adam D. Orford and 16 other law professors and legal schola…; Individual commenter; C-Change Conversations; California Air Resources Board (Steven S. Cliff, Executive …; Joseph E. Aldy et al. (group of climate and environmental e…; Michael (Mike) Aucott, Ph.D.",dismissed_out_of_scope,not_addressed,not_addressed
3.1|111,3.1,Paleoclimate research shows current climate change is unprecedented in Earth's history and human-caused rather than a natural cycle.,0,"Air Alliance Houston (AAH), Stop TXDOT I-45, Friends of Fon…; Alan Journet, Ph.D., Cofacilitator, Southern Oregon Climate…; California Congressional Delegation (Sen. Alex Padilla, Sen…; Corporate Voice for Climate Health; Kim Anderson, Director of Member Mobilization, Evangelical …; Lloyd Doggett et al., Members of Congress (Texas delegation)",dismissed_out_of_scope,dismissed_out_of_scope,dismissed_out_of_scope
3.1|484,3.1,Climate change imposes generational inequity: a person born in 2020 will be exposed to far more climate hazards over a lifetime than one born in 1965.,0,"350.org; Kathy Henson; Metropolitan Area Planning Council (MAPC) et al. (eight Mas…; Philip Weiser, Colorado Attorney General; Individual commenter",dismissed_out_of_scope,dismissed_out_of_scope,not_addressed
3.1|562,3.1,"The observed satellite decline in planetary albedo (~0.5–0.58%, implying nearly 2 W/m2 of extra absorbed solar radiation) indicates a strong positive cloud feedback and high climate sensitivity, meaning models may underestimate future warming — a possibility EPA fails to acknowledge when citing albedo evidence.",0,"Robert E. Kopp and Andrew E. Dessler (co-editors, Climate E…; Individual commenter",dismissed_out_of_scope,dismissed_out_of_scope,not_addressed
3.1|593,3.1,"Climate-driven shifts in temperature, humidity and precipitation are expanding the range, season and incidence of vector-borne, zoonotic, water- and food-borne disease (ticks/Lyme roughly doubled and moving northward; Powassan, ehrlichiosis, lone-star tick; West Nile, dengue, Zika; Bluetongue; leptospirosis; typhus; Great Lakes bacterial growth; pathogen and mercury release from thawing permafros…",0,"American Society for Microbiology (ASM); Clean Wisconsin; House Sustainable Energy & Environment Coalition (SEEC), Re…; Native Village of Kwinhagak (Mary Matthew, Tribal Council P…; Physicians for Social Responsibility Pennsylvania; Scott Baskerville",dismissed_out_of_scope,not_addressed,not_addressed
3.1|245,3.1,Rising temperatures and CO2 accelerate nitrous oxide emissions — a GHG ~300 times more potent than CO2 and half of U.S. agriculture's GHG footprint — creating an amplifying feedback.,0,"Colorado Communities for Climate Action (CC4CA), Jacob Smit…; Earthworks; National Sustainable Agriculture Coalition (NSAC); Protect Penn-Trafford (Protect PT); Individual commenter",dismissed_out_of_scope,dismissed_out_of_scope,dismissed_out_of_scope
3.1|142,3.1,"Climate change degrades soil health by accelerating oxidation of soil organic matter and increasing erosion from heavier rainfall, creating a positive carbon feedback loop.",0,"Jim Moreno, County Commissioner, Isabella County, Michigan; Kathleen Bond (Citizens' Climate Education); National Sustainable Agriculture Coalition (NSAC); Nikki Perez, Mayor, City of Burbank; Peter Adams, Paulina Jaramillo, Jeremy J. Michalek, Kate S.…; Representative Sean Casten et al., Members of Congress (Ill…",dismissed_out_of_scope,not_addressed,not_addressed
3.1|261,3.1,"The CWG report ignores that actual global GHG emissions are tracking at or above the IPCC's high-end scenario, and misuses Hausfather's research, whose 2025 published work states 4°C or more warming cannot be fully precluded and that high-emissions scenarios were never intended as a likely baseline.",0,"Anne E. Lopez, Attorney General of the State of Hawai'i; J. Leggett; SymbioSystems LLC; Individual commenter",dismissed_out_of_scope,not_addressed,not_addressed
3.1|20,3.1,"The DOE/CWG report's Scafetta-based claim that only low-ECS models track observed warming relies on a temperature record inconsistent with the report's own Figure 8.1; with corrected records, medium/high-ECS models match observations.",0,"Michael (Mike) Aucott, Ph.D.",dismissed_out_of_scope,dismissed_out_of_scope,not_addressed
OTHER|62,OTHER,"Evidence-based heat-illness prevention standards work: California's mandatory outdoor heat protections were followed by a 43 percent decrease in outdoor-work-related deaths, and removing medical surveillance in a Texas municipality raised heat-illness rates.",0,American College of Occupational and Environmental Medicine…,not_addressed,not_addressed,not_addressed
3.1|195,3.1,"Climate change is inflicting large documented losses on resource-dependent, recreation and tourism economies (agriculture, fisheries, timber, reefs, ski and rafting seasons, park visitation) and increasing outdoor hazards such as avalanche instability, rockfall and debris flows.",0,"American Mountain Guides Association (AMGA); Anne E. Lopez, Attorney General of the State of Hawai'i; Climate Solutions (Meredith Connolly, Director of Policy an…; Colorado House Democratic Delegation (Reps. Diana DeGette, …; Dianne Morris; House Sustainable Energy & Environment Coalition (SEEC), Re…",dismissed_out_of_scope,dismissed_out_of_scope,not_addressed
3.1|513,3.1,"Direct measurements (Keeling Curve) and ice cores show atmospheric GHG concentrations are unprecedented in at least 650,000–800,000 years—CO2 rising from ~280 to over 420–431 ppm at roughly 100 times natural rates—and are projected to keep rising, with physical indicators confirming human-caused warming.",0,"Change the Chamber; Individual commenter; Dom Altomari (National Climate Fellows Team, Change the Cha…; Environmental Defense Fund (EDF); Erika Pietrzak; Individual commenter",dismissed_out_of_scope,not_addressed,not_addressed
OTHER|100,OTHER,Executive Orders such as 'Restoring Gold Standard Science' cannot override controlling federal law or judicial decisions.,0,Individual commenter,not_addressed,not_addressed,not_addressed
3.1|79,3.1,"The CWG report misrepresents Seager et al. (2019), and its conclusion that future climate sensitivity may be lower is contradicted by paleoclimate evidence and dynamical understanding.",0,Individual commenter; Individual commenter; Individual commenter; Individual commenter; Individual commenter; Individual commenter,dismissed_out_of_scope,dismissed_out_of_scope,not_addressed
3.1|92,3.1,"Anthropogenic sea level rise, coastal erosion and tidal flooding (about six inches since 1900, ~40% of recent southeast/Gulf rise human-attributable, >5 inches in San Francisco Bay since 1975, NOAA projecting over a foot of relative rise by 2050) are already damaging coastal communities, ports, Tribal lands, military facilities, habitat and infrastructure, imposing billions in losses (port/shippi…",0,"Adena Ishii, Mayor, City of Berkeley; Arizona State University Sandra Day O'Connor College of Law…; Bay Area Air District (Philip M. Fine, Executive Officer/AP…; Bruce Harrell, Mayor, City of Seattle, WA; Chesapeake Bay Foundation, Inc. (CBF); Chris Van Hollen et al. (Maryland Congressional Delegation)",dismissed_out_of_scope,not_addressed,not_addressed
3.1|322,3.1,"Aerosols and black carbon from fires and pollution suppress precipitation, worsening drought as a cascading effect of unregulated emissions.",0,Individual commenter; Individual commenter; United States Conference of Catholic Bishops (USCCB),dismissed_out_of_scope,not_addressed,not_addressed
3.1|483,3.1,"Climate change presents systemic risks to the U.S. economy and financial system, as documented by the Financial Stability Oversight Council.",0,"Boston Trust Walden Company (Amy D. Augustine, Director of …; Cathy Becker, Green America; Climate Action Campaign, 350 Bay Area Action, et al. (coali…; Michael C. MacCracken",dismissed_out_of_scope,not_addressed,not_addressed
3.1|355,3.1,"Fossil fuel combustion and its lifecycle air pollution impose a massive co-pollutant mortality burden (Vohra et al.: ~91,000 U.S. premature deaths in 2017, disproportionately in minority communities), and Paris-consistent mitigation would save roughly a million lives per year by 2050 plus avoid 250,000 climate-related deaths annually.",0,"Individual commenter; Center for Biological Diversity (Shaye Wolf, Ph.D.; Emily D…; Center for an Ecology-Based Economy (CEBE); Clean Water Action et al. (coalition of 19 organizations in…; New Jersey Congressional Delegation (Rep. Robert J. Menende…; Ocean Conservancy (Caroline Bonfield, U.S. Policy Manager, …",dismissed_out_of_scope,not_addressed,not_addressed
3.1|192,3.1,"Repeal would enable expansion of CO2 and methane transport and storage infrastructure posing direct explosion and asphyxiation risks, as shown by the 2023 Plum Borough explosion that killed six people.",0,"New Mexico Environment Department (James C. Kenney, Cabinet…; Protect Penn-Trafford (Protect PT)",dismissed_out_of_scope,not_addressed,not_addressed
3.1|227,3.1,"Climate change is already imposing large and rising household costs — soaring or unavailable home and flood insurance, utility storm-recovery charges, higher energy, food and transportation costs — so repeal will not make life more affordable.",0,"Individual commenter; Aquarium Conservation Partnership; Cathy Becker, Green America; Center for Climate and Energy Solutions (C2ES); Chicory Wealth; City of San Luis Obispo (Mayor Erica A. Stewart)",dismissed_out_of_scope,not_addressed,not_addressed
3.1|169,3.1,"Neither the proposal nor the CWG Report addresses the air quality, water quality, energy, infrastructure, or ecosystem and wildlife impact categories covered by the 2009 Technical Support Document, leaving ecological endangerment unaddressed.",0,"American Society for Microbiology (ASM); Edgewater Environmental Coalition; Environmental Defense Fund; Environmental Protection Network (EPN); Hudson River Sloop Clearwater, Inc.; Paula Nystrom",dismissed_out_of_scope,dismissed_out_of_scope,not_addressed
3.1|433,3.1,"Warming-driven changes in atmospheric circulation increase hazards to health and welfare — slower-moving/more persistent high pressure systems producing longer heat waves and wet-dry whiplash, and more frequent stratospheric polar vortex disruptions making hazardous winter weather more likely.",0,"Carolyn Jackson; Joel B. Smith; Kathy Henson; Rebecca L. Tepper, Secretary, Massachusetts Executive Offic…; San Mateo County Board of Supervisors (David Canepa, Presid…; Individual commenter",dismissed_out_of_scope,not_addressed,not_addressed
OTHER|101,OTHER,"Emissions reductions must be paired with nature-based adaptation such as wet meadow, wetland, forest, and watershed restoration, which retain snowpack and sustain recreation economies.",0,"Winter Wildlands Alliance (Anneka Williams, Policy Director); Winter Wildlands Alliance (David Page, Executive Director)",dismissed_out_of_scope,not_addressed,not_addressed
3.1|368,3.1,The Energy Secretary's own statements characterizing climate change as a harmful 'side effect' or 'disease' contradict EPA's rescission rationale and show it is not based on scientific evidence.,0,"American Meteorological Society (AMS); Attorneys General of California, Massachusetts, New York et…; Environmental Law & Policy Center (ELPC) et al.; International Council on Clean Transportation (ICCT); Investor Advocates for Social Justice (IASJ); Native Village of Kipnuk (Kipnuk Traditional Council)",dismissed_out_of_scope,dismissed_out_of_scope,not_addressed
3.1|625,3.1,"EPA provides no citation or definition for its claimed 15% uncertainty range or its asserted 'scientific threshold for measurability,' relying only on the DOE Climate Working Group report, which itself provides no support.",0,"Alan R.P. Journet, Ph.D., Cofacilitator, Southern Oregon Cl…; American Lung Association, Alliance of Nurses for Healthy E…; Attorneys General of California, Massachusetts, New York et…; Beyond Toxics (Raevyn Thompson, Environmental and Climate J…; Christopher Field, Bodie Cabiyo, Leona Neftaliem, and Conno…; Cleco Power LLC (Bill Matthews, Director – Environmental Po…",dismissed_out_of_scope,dismissed_out_of_scope,not_addressed
3.1|330,3.1,"Cold-related deaths will not simply disappear with warming because extreme cold events remain intense and can strike unprepared regions (e.g., Texas winter storm Uri), rebutting claims of net mortality benefits.",0,"Carter Strickland, Chief Sustainability Officer, The State …; City of Bend, Oregon (Mayor Melanie Kebler); Frances Stewart, MD; Marshall Burke, Jennifer Burney, Christopher Callahan, Solo…; Prime Mover Institute (Russell Greene, Managing Director)",dismissed_out_of_scope,not_addressed,dismissed_out_of_scope
OTHER|90,OTHER,The Constitution's charge to promote the general welfare imposes a duty on the President and EPA to act on well-founded climate evidence.,0,Individual commenter,not_addressed,not_addressed,not_addressed
3.1|22,3.1,"The CWG report wrongly implies direct CO2 warming is not parameterized in general circulation models, when all radiative transfer is parameterized in GCMs.",0,Committee for a Constructive Tomorrow (CFACT); Government Accountability & Oversight; Kyle Armour,dismissed_out_of_scope,dismissed_out_of_scope,not_addressed
3.1|293,3.1,"The 2009 Endangerment Finding rested on an extensive, rigorous, court-upheld record (IPCC AR4, USGCRP assessments, NRC, thousands of peer-reviewed studies, 150+ years of physical science, ANPR with 380,000+ comments and 11 volumes of responses) that explicitly acknowledged and explained scientific uncertainties and has never been scientifically reversed; EPA's Notice fails to confront that record…",0,"Alaska Institute for Justice (Sheryl Musgrove, Director, Cl…; Individual commenter; Individual commenter; Individual commenter; Earthworks; Environmental Protection Network (EPN)",dismissed_out_of_scope,dismissed_out_of_scope,not_addressed
3.1|56,3.1,"EPA should maintain a stable, science-based policy environment to preserve U.S. competitiveness and innovation, given the U.S. is second only to China in annual clean energy investment.",0,"Advanced Energy United (Ryan Gallentine, Managing Director); Ceres (organizer) on behalf of 59 undersigned companies and…; City of Grand Prairie, Texas (William A. Hills, City Manage…; Individual commenter; Liz Miller, Senior Manager, Community Relations, Spoonfuls",dismissed_out_of_scope,not_addressed,not_addressed
3.1|485,3.1,EPA's scientific discussion in the proposal is too brief and lacks the breadth and depth needed to assess climate change.,0,"American Meteorological Society (AMS); Individual commenter; Individual commenter; Energy Innovation (Sara Baldwin, Senior Director, Electrifi…; Environmental Law & Policy Center (ELPC) et al.; H. Christopher Frey, Ph.D.",dismissed_out_of_scope,dismissed_out_of_scope,dismissed_out_of_scope
3.1|226,3.1,"Anthropogenic aerosol and GHG emissions have produced temperature-dominated, longer-lasting droughts in the western U.S., including the ongoing multidecadal drought via forced changes in the Pacific Decadal Oscillation.",0,Center for an Ecology-Based Economy (CEBE); Individual commenter; Individual commenter; Individual commenter; Kathy Henson,dismissed_out_of_scope,not_addressed,not_addressed
3.1|464,3.1,"People with chronic diseases (including cancer patients) face heightened risk because heat, extreme weather, waterborne illness and air pollution exacerbate their conditions and disrupt medications and care.",0,"Aliados Health (Tracy Mendez, Chief Executive Officer); Clean Air Council; ClimateWiser; Linda Mack, Trustee, Monmouth County Audubon; Medical Society Consortium on Climate and Health, Academic …; Oncology Advocates United for Climate and Health - Internat…",dismissed_out_of_scope,not_addressed,not_addressed
3.1|598,3.1,The report's quoted paleoclimate temperature ranges are too small; up-to-date reconstructions give roughly -6 K Last Glacial Maximum cooling and ~4 K mid-Pliocene warming.,0,Kyle Armour,dismissed_out_of_scope,not_addressed,not_addressed
3.1|440,3.1,"Saturation claims are refuted by established atmospheric physics: forcing increases logarithmically but never ceases, the wings of the 15-micrometer band remain transparent, and the cold dry upper troposphere/lower stratosphere are far from saturated, so additional CO2 keeps causing warming even at very high concentrations.",0,"Environmental Defense Fund; Kristen Walker, American Consumer Institute; Individual commenter",dismissed_out_of_scope,not_addressed,not_addressed
3.1|481,3.1,Climate-driven ocean change threatens a U.S. marine economy that generated over $476.2 billion in 2022 and nearly 2.4 million ocean-related jobs.,0,"Carissa Dutton; Colorado Communities for Climate Action (CC4CA), Jacob Smit…; Dartmouth Climate Alliance; Director of Sustainability, College of the Holy Cross; League of Women Voters of Greater Columbia, SC - Environmen…; Lisa Cutter",dismissed_out_of_scope,not_addressed,not_addressed
3.1|329,3.1,"EPA's claim that reduced cold-related deaths offset heat-related mortality contradicts EPA's own prior finding that heat-mortality increases would not be compensated by cold-mortality decreases, and EPA fails to explain its change in position.",0,"America First Policy Institute (AFPI); Individual commenter; Individual commenter; C-Change Conversations; CO2 Coalition (Dr. D. Weston Allen, Dr. Jan Breslow, Dr. Da…; California Department of Public Health (Erica Pan, MD, MPH,…",dismissed_out_of_scope,not_addressed,not_addressed
3.1|461,3.1,The report is wrong that halting emissions would take decades or centuries to meaningfully reduce human influence; CO2 concentrations would begin declining immediately and temperatures would stabilize.,0,"Defenders of Wildlife; Kyle Armour; New Mexico Environment Department (James C. Kenney, Cabinet…; Rebecca Turner, Chief Policy and Partnerships Officer, Amer…",dismissed_out_of_scope,not_addressed,not_addressed
3.1|365,3.1,"Major medical, nursing and public health professional organizations (AMA, ACP, AAFP, ACOG, APA and others) have formally concluded that anthropogenic climate change harms physical and mental health and constitutes a health emergency requiring urgent action, corroborating endangerment.",0,"Individual commenter; M. Lauren Lalakea; Medical Society Consortium on Climate and Health, Academic …; Mothers & Others For Clean Air; Native Village of Kwinhagak (Mary Matthew, Tribal Council P…; Organized Village of Kwethluk (Kwethluk Indian Reorganizati…",dismissed_out_of_scope,dismissed_out_of_scope,not_addressed
3.1|407,3.1,"Physical climate impacts threaten the stability of the U.S. and global financial systems and constitute unavoidable, material physical risk, and policies dismantling climate science prevent its measurement and management, so the Endangerment Finding should be retained.",0,"Alan Webber, Mayor, City of Santa Fe, New Mexico; Cathy Becker, Green America; City of Lancaster, Pennsylvania (Mayor Danene Sorace); Climate Science and Solutions Graduate Program, Northern Ar…; Holly Anderson, Secretary of the Board of Directors, Saugat…; National Sustainable Agriculture Coalition (NSAC)",dismissed_out_of_scope,dismissed_out_of_scope,not_addressed
3.1|244,3.1,"Climate change and associated air pollution harm agriculture and forest economies — erratic weather and flash droughts drive severe crop losses (Virginia 2019; ten states forecast in fall 2025), coal-to-gas pollution reductions raised Midwest corn production by over 300 million bushels, and state forest economies supporting $16.7 billion in consumer spending are threatened — so mitigating GHG emi…",0,"Minnesota Pollution Control Agency (MPCA), Minnesota Depart…; National Extension Climate Initiative (NECI) affiliated Ext…; National Sustainable Agriculture Coalition (NSAC); Verdani, LLC (d/b/a Verdani Partners)",dismissed_out_of_scope,not_addressed,not_addressed
3.1|317,3.1,"The DOE/CWG report mischaracterizes NOAA's retirement of the Billion-Dollar Disaster product as a withdrawal implying fundamental scientific flaws, when NOAA stated the archived past data remain authoritative.",0,"Earthworks; Elders Climate Action, Massachusetts Chapter; Environmental Law & Policy Center (ELPC) et al.; Environmental Protection Network (EPN); H. Christopher Frey, Ph.D.; Joseph E. Aldy et al. (group of climate and environmental e…",dismissed_out_of_scope,not_addressed,not_addressed
3.1|339,3.1,"Unmitigated climate change imposes large and growing macroeconomic and property damages that far exceed regulatory compliance costs and create material investor/portfolio risk — CBO's estimate of a 4% (up to 21%) real GDP reduction, projected U.S. losses up to 10% of GDP by 2050 borne disproportionately by poorer counties, nearly $1 trillion in residential property losses from sea level rise, ~$2…",0,"Individual commenter; Individual commenter; Climate Democracy Initiative; Environmental Defense Fund (EDF); H. Christopher Frey, Ph.D.; House Sustainable Energy & Environment Coalition (SEEC), Re…",dismissed_out_of_scope,dismissed_out_of_scope,not_addressed
3.1|91,3.1,"EPA omits major ocean impacts, including attributed marine heatwaves, sea-ice loss, ocean ecology changes, and possible ocean carbon sink saturation creating a positive feedback.",0,"Aaron Brewster; Andrew Werthmann; H. Christopher Frey, Ph.D.; J. Leggett; Spokane Riverkeeper; Waterkeeper Alliance",dismissed_out_of_scope,not_addressed,not_addressed
3.1|132,3.1,"Warming reduces academic performance, with 2°C and 4°C warming projected to cause 4 and 7 percent average learning losses and up to $13.4 billion in lost lifetime earnings per student cohort.",0,"Climate Psychiatry Alliance (Robin Cooper, MD); Medical Society Consortium on Climate and Health, Academic …; National Nurses United; UndauntedK12 (joint letter with Milwaukee Public Schools, A…",dismissed_out_of_scope,not_addressed,not_addressed
3.1|626,3.1,The DOE report errs by limiting its wildfire analysis to forests and forest management when most destructive fires occur in shrublands and grasslands.,0,"Center for Biological Diversity (Shaye Wolf, Ph.D.; Emily D…; Washington State Department of Ecology, Department of Comme…",dismissed_out_of_scope,not_addressed,not_addressed
3.1|134,3.1,"High-severity fires can turn forests into net carbon emitters for decades and convert them to shrublands, creating a warming feedback loop; climate-worsened wildfires also emit CO2 and water vapor, amplifying the greenhouse effect.",0,"Boulder County, Colorado Board of County Commissioners; Individual commenter; Individual commenter; Rebecca Turner, Chief Policy and Partnerships Officer, Amer…; Sierra Business Council",dismissed_out_of_scope,not_addressed,not_addressed
3.1|168,3.1,"Warming is expanding the geographic range and transmission season of vector-borne, zoonotic and water-borne diseases in the United States (tick/Lyme expansion, locally acquired dengue in 2024, West Nile, Zika, Vibrio, Naegleria fowleri, Chagas, Valley Fever projected to rise 46–163% by 2100), with heaviest burdens on low-income communities of color.",0,"Individual commenter; Environmental Defense Fund (EDF); Lauren A. Teichner, Teichner Law PLC; League of Women Voters of Greater Columbia, SC - Environmen…; Marshall Burke, Jennifer Burney, Christopher Callahan, Solo…; Medical Society Consortium on Climate and Health, Academic …",dismissed_out_of_scope,not_addressed,not_addressed
3.1|425,3.1,"EPA understates climate-related mortality because deaths from tropical cyclones, wildfire smoke and extreme heat are systematically under-reported on death certificates and official statistics, and EPA's relative-mortality framing ignores extreme-heat morbidity, making its temperature–mortality analysis unreliable.",0,"Carissa Dutton; Climate Democracy Initiative; Climate Pierce County (Evlondo Cooper); Frances Stewart, MD; Friends Fiduciary Corporation (Ethan Birchard, Executive Di…; Institute for Policy Integrity at New York University Schoo…",dismissed_out_of_scope,not_addressed,dismissed_out_of_scope
3.1|158,3.1,"Commenters' claim that water vapor is the most important greenhouse gas is misleading: water vapor concentration is a temperature-driven feedback that amplifies warming from anthropogenic GHGs, not an independent forcing.",0,"Akiak Native Community (DoraAnn Kozevnikoff, Tribal Adminis…; Individual commenter; Individual commenter; Attorneys General of West Virginia, Kentucky, and 25 other …; Bradley C. Thomas; Environmental Defense Fund",dismissed_out_of_scope,not_addressed,not_addressed
3.1|613,3.1,"Fire and pollution aerosols suppress precipitation, creating a cascading drought feedback from unmanaged greenhouse gas emissions.",0,"Alaska Public Interest Research Group (AKPIRG); American Lung Association and other National, State and Loc…; Angela Birney, Mayor, City of Redmond, WA; Aquarium Conservation Partnership; Individual commenter; Chesapeake Bay Foundation, Inc. (CBF)",dismissed_out_of_scope,not_addressed,not_addressed
3.1|281,3.1,"Aerosol/particulate emissions from aircraft and ships currently mask several additional degrees of warming, as indicated by the post-9/11 temperature jump when air traffic halted.",0,Individual commenter; Individual commenter,dismissed_out_of_scope,not_addressed,not_addressed
3.1|599,3.1,The DOE report's framing of anthropogenic forcing as ~1% of 'unperturbed energy flows' uses an irrelevant baseline; the correct comparison is the pre-industrial net top-of-atmosphere imbalance of ~0.2 W/m2.,0,Kyle Armour,dismissed_out_of_scope,not_addressed,not_addressed
OTHER|32,OTHER,"New York's experience with the Regional Greenhouse Gas Initiative shows GHG reductions come with lower energy bills, better grid reliability, and more jobs, refuting claims that GHG regulation is harmful.",0,"Rachel Maman Kish, Assistant Attorney General, Environmenta…",not_addressed,not_addressed,not_addressed
3.1|600,3.1,Human emissions are not negligibly 'small': they raised CO2 from 316 to 430 ppm since 1959 and are roughly 80 times the volcanic emission rate associated with the End-Permian extinction.,0,Individual commenter,dismissed_out_of_scope,not_addressed,not_addressed
3.1|247,3.1,"Insurance and reinsurance market signals — sharply rising homeowners' and flood premiums, non-renewals spreading well beyond Florida and California (Senate Budget Committee report), insurer withdrawals, insured losses growing faster than GDP, and warnings of uninsurable regions (Treasury/FIO January 2025 report, CBO analysis, reinsurer loss reports) — demonstrate that climate-driven harm is alrea…",0,"Cathy Becker, Green America; Climate Action Santa Monica; Concerned Scientists @ IU (CSIU); Individual commenter; Lynda Hopkins, Chair, Sonoma County Board of Supervisors; National Extension Climate Initiative (NECI) affiliated Ext…",dismissed_out_of_scope,dismissed_out_of_scope,not_addressed
3.1|486,3.1,"EPA ignores that GHG-driven warming amplifies urban heat island effects, so heat exposure is not homogeneous and population-average analyses understate harm to city residents (contrary to EPA's own data and the 2009 TSD).",0,"Bruce Harrell, Mayor, City of Seattle, WA; Environmental Health Students; Flora for Fauna (Cynthia Krock Boxerman, President and Foun…; Greg R. Nichols, Deputy Chief Resilience Officer, City of N…; Ironbound Community Corporation (ICC); Individual commenter",dismissed_out_of_scope,not_addressed,not_addressed
OTHER|109,OTHER,"Outdoor recreation and tourism are major economic sectors (over $1 trillion in gross output and 4.3 million jobs in 2022) whose viability depends on stable, science-based climate policy, so rescission would cause long-term economic harm.",0,American Mountain Guides Association (AMGA); Sierra Business Council,not_addressed,not_addressed,not_addressed
3.1|334,3.1,"Climate-driven wildfire smoke causes major measurable public health harm nationwide, including far downwind of fires (Canadian smoke episodes in the Midwest and East, doubled asthma ER visits, hospital admissions, PM2.5 NAAQS exceedances, hazardous PM2.5 on the Nez Perce Reservation, New Mexico 2022 asthma ED visits and deaths, projected Oregon smoke asthma costs, over 50,000 premature deaths and…",0,"350 Sacramento; 350.org; Alice Freund; American Thoracic Society (ATS); Berkshire Regional Planning Commission (Thomas Matuszko, Ex…; Boulder County, Colorado Board of County Commissioners",dismissed_out_of_scope,not_addressed,not_addressed
OTHER|132,OTHER,"Climate-related financial risk disclosures to the SEC tripled between 2018 and 2024, showing companies increasingly recognize GHG-driven financial risk.",0,"Boston Trust Walden Company (Amy D. Augustine, Director of …",not_addressed,not_addressed,not_addressed
