arg_id,preamble_section,argument_type,epa_claim,quote,verdict,what_is_new,closest_vehicle_passage,vehicle_document
sprm|0#0,II.A. Executive Summary—Introduction,legal_text,EPA lacks authority under CAA section 111 to regulate power plants in response to global climate change concerns for multiple independent reasons.,"In this supplemental notice, we propose that the EPA lacks authority under CAA section 111 to regulate power plants in response to global climate change concerns for multiple, independent reasons.",same_argument_in_vehicle,Nothing of substance beyond applying the identical 'no authority to regulate in response to global climate change concerns for multiple independent reasons' framing to CAA section 111 and power plants instead of section 202(a)(1) and vehicles.,"On these multiple and independent bases, the EPA concludes that it lacks statutory authority to regulate GHG emissions in response to global climate change concerns under CAA section 202(a)(1)",vehicle_fr
sprm|0#1,II.A. Executive Summary—Introduction,legal_text,"The text, structure, and history of CAA section 111, the major questions doctrine, and the futility of power plant GHG standards each support the conclusion that EPA lacks authority to impose GHG controls.","We propose that the text, structure, and history of CAA section 111, the applicability and implications of the major questions doctrine, and the futility of power plant GHG standards in relation to the unique and global…",extended_or_reframed,"The SPRM newly applies the three-part theory (best-reading of text/structure/history, major questions doctrine, and futility) to CAA section 111 itself as the operative statutory hook, whereas the vehicle documents built the theory around section 202(a)(1) and treated section 111/West Virginia only…","The Court did not decide the separate question of whether section 111 authorizes the regulation of GHG emissions; i.e., the Court was not reviewing whether the Clean Power Plan and 2015 NSPS were val…",vehicle_rtc
sprm|0#2,II.A. Executive Summary—Introduction,legal_text,"""Air pollution"" in CAA section 111(b)(1)(A) is best read as pollution that itself threatens health or welfare through local or regional exposure.","we propose that ""air pollution"" is best read as that which itself threatens health or welfare through local or regional exposure, consistent with the ordinary meaning of the term at the time of enactment, the surroundin…",extended_or_reframed,"The SPRM ports the identical 'local or regional exposure' reading onto a different statutory hook—CAA section 111(b)(1)(A)—resting it on section 111's own surrounding language, listing/source-category structure and amendment history and on EPA's pre-2015 (rather than pre-2009) practice, which are d…","First, we conclude that the term ""air pollution"" as used in CAA section 202(a)(1) is best read in context as pollution that threatens health or welfare through local or regional exposure, consistent …",vehicle_fr
sprm|0#3,II.A. Executive Summary—Introduction,legal_text,"The 2015 NSPS and 2024 CPS erred by listing and regulating fossil fuel-fired EGUs based on global climate change concerns that fall outside the statutory meaning of ""air pollution.""","we propose that the 2015 NSPS and 2024 CPS erred in listing and regulating fossil fuel-fired EGUs based on global climate change concerns that fall outside the scope of ""air pollution"" within the meaning of the CAA sect…",extended_or_reframed,"The SPRM ports the 'air pollution excludes global climate change concerns' theory to CAA section 111's distinct listing/standard-setting framework and applies it to invalidate the 2015 NSPS and 2024 CPS, which the vehicle action expressly did not decide (RTC #479 notes section 111's GHG authority w…","Because the ordinary meaning, structure, and history of CAA section 202(a)(1) and related provisions demonstrate that this language targets ""air pollution"" that threatens public health or welfare thr…",vehicle_fr
sprm|0#4,II.A. Executive Summary—Introduction,procedural,Additional flaws—including effectively listing a new source category without a new listing determination and reliance on the flawed 2009 Endangerment Finding—render the 2015 findings independently unlawful.,"we propose that additional flaws in the Agency's findings and determinations in the 2015 NSPS, as endorsed by the 2024 CPS, render them independently unlawful . . . These flaws include the effective listing of a new sou…",extended_or_reframed,"The SPRM's claim that the 2015 NSPS effectively listed a new source category without making a new CAA section 111(b)(1)(A) listing determination is a wholly new section 111-specific procedural defect, whereas the vehicle documents only established that section 111 GHG rules rested on the (now-resci…","Several years later, the EPA again relied on the Endangerment Finding to extend the GHG regulatory program to new and existing stationary source performance standards and guidelines for power plants …",vehicle_fr
sprm|0#5,II.A. Executive Summary—Introduction,major_questions,The major questions doctrine applies to EPA's economically and politically significant assertion of authority to regulate power plant emissions based on global climate change concerns.,"We propose that, consistent with the Supreme Court's decision in West Virginia, the major questions doctrine applies to the Agency's economically and politically significant assertion of authority to regulate power plan…",same_argument_in_vehicle,Nothing of substance beyond applying the identical West Virginia-based major questions threshold framing to power plants under section 111 rather than vehicles under section 202(a) — and the vehicle rule already discussed West Virginia's section 111(d) holding at length.,The Endangerment Finding implicates the major questions doctrine for many of the same reasons the Supreme Court applied it in UARG and West Virginia. By asserting authority to regulate in response to…,vehicle_fr
sprm|0#6,II.A. Executive Summary—Introduction,major_questions,Congress did not clearly authorize EPA to treat global climate change concerns as triggering regulation under CAA section 111(b)(1)(A).,Congress did not clearly provide that global climate change concerns may trigger regulation under CAA section 111(b)(1)(A) and therefore did not clearly authorize the Administrator to invoke that standard to subject pow…,extended_or_reframed,The SPRM transplants the clear-authorization holding to a different statutory hook—the CAA section 111(b)(1)(A) listing/endangerment trigger for source categories (rather than section 202(a)(1)'s authority to 'prescribe standards' for motor vehicles)—framing the major question as whether global cli…,"The EPA is also finalizing as proposed that, in addition to the basis set out above, we lack the ""clear congressional authorization"" required under the major questions doctrine to decide the Nation's…",vehicle_fr
sprm|0#7,II.A. Executive Summary—Introduction,major_questions,"The appropriate policy response to global climate change is a decision vested in Congress, which did not decide to regulate power plants when it enacted CAA section 111.","we propose that the appropriate policy response to global climate change concerns is a decision vested in Congress, and that Congress did not decide that the Nation's policy response to these concerns would include regu…",same_argument_in_vehicle,Nothing of substance—the SPRM merely substitutes 'section 111'/'power plants' for 'section 202(a)(1)'/'new motor vehicles' in the same Congress-decides-climate-policy framing.,"The appropriate policy response to global climate change concerns is a decision vested in Congress, and Congress did not decide the Nation's policy response to these concerns when it enacted CAA sect…",vehicle_fr
sprm|0#8,II.A. Executive Summary—Introduction,futility_contribution,Modeling shows that even complete elimination of U.S. power sector GHG emissions would have no more than de minimis impacts on global mean surface temperature and sea level rise.,"The EPA proposes that the results of this modeling demonstrate that even the complete elimination of GHG emissions from the U.S. power sector, and at minimum, any plausible reduction in GHG emissions from the U.S. power…",extended_or_reframed,"The SPRM applies EPA's own modeling to the U.S. power sector (rather than on-road vehicles) and ties the de minimis GMST/GSLR result to the range of reductions plausibly achievable under CAA section 111, whereas the vehicle documents only noted commenter (TPPF/MAGICC) power-sector modeling as corro…","Climate impact modeling submitted during the public comment period, and confirmed by our own analysis, demonstrates that even the complete elimination of all GHG emissions from all new and existing v…",vehicle_fr
sprm|0#9,II.A. Executive Summary—Introduction,futility_contribution,The futility of regulation supports the conclusion that global climate change concerns cannot satisfy the statutory prerequisite for imposing controls under CAA section 111.,the EPA proposes that the futility of regulation supports the conclusion that global climate change concerns cannot satisfy the prerequisite for imposing regulatory controls under CAA section 111.,extended_or_reframed,"The SPRM transplants the futility-informs-statutory-scope theory to CAA section 111's distinct 'significantly contribute'/BSER prerequisite for stationary source categories, whereas the vehicle action expressly tied its futility reasoning to the text of section 202(a)(1) and disclaimed any views ab…","First, as discussed in section V.A of this preamble, the futility of GHG emission standards under CAA section 202(a)(1) further supports that the best reading of the statute does not encompass global…",vehicle_fr
sprm|0#10,II.A. Executive Summary—Introduction,futility_contribution,"The inability of GHG standards to address global climate change shows that power plant GHG emissions do not ""contribute significantly"" to air pollution.","The EPA further propose that the inability of GHG standards to address global climate change supports the conclusion that GHG emissions from fossil fuel-fired EGUs do not ""contribute significantly"" to air pollution.",extended_or_reframed,The SPRM ports the futility-as-contribution theory onto section 111(b)(1)(A)'s distinct 'contribute significantly' standard—a term the vehicle documents expressly acknowledged is a different (higher-modifier) statutory hook than section 202(a)(1)'s unmodified 'contribute'—and applies it to stationa…,"Put another way, the inability of GHG emission standards to have any material impact demonstrates that GHG emissions from new vehicles and engines do not contribute to air pollution that endangers pu…",vehicle_fr
sprm|0#13,II.A. Executive Summary—Introduction,legal_precedent,"Recent Supreme Court decisions, including Loper Bright, establish that agencies cannot rely on statutory silence or ambiguity to expand regulatory power and must follow the best reading of the statute fixed at enactment.","made clear in Loper Bright Enterprises v. Raimondo, 603 U.S. 369 (2024), that Federal agencies can no longer rely on statutory silence or ambiguity to expand regulatory power.",same_argument_in_vehicle,Nothing of substance—only the transposition of the same Loper Bright/West Virginia/UARG/Michigan framing from section 202(a)(1) to section 111.,"As the Supreme Court made clear in Loper Bright, we can no longer rely on statutory silence or ambiguity to expand our regulatory power.",vehicle_fr
sprm|0#14,II.A. Executive Summary—Introduction,legal_text,The 2009 and 2015 assertions of authority to regulate GHGs were unprecedented departures premised on defining air pollution as global GHG concentrations rather than local or regional exposure.,"In 2009, the EPA took the unprecedented step of asserting authority to regulate GHG emissions in a standalone action that launched the Agency into a course of regulation that fundamentally reshaped many aspects of the N…",extended_or_reframed,The SPRM carries over the vehicle rule's near-verbatim 'unprecedented step' framing but adds the 2015 section 111 power-plant assertion of GHG authority as a second unprecedented departure resting on the same global-concentration (rather than local/regional exposure) premise.,"In 2009, the EPA took the unprecedented step of asserting authority to regulate GHG emissions in a standalone action that broke new ground and launched the Agency into a course of regulation that fun…",vehicle_fr
sprm|0#15,II.A. Executive Summary—Introduction,science,"Global GHG concentrations have continued to rise, driven primarily by foreign sources, without producing the degree of adverse U.S. health and welfare impacts anticipated in the 2009 and 2015 findings.","global GHG concentrations in the upper atmosphere have continued to rise, driven primarily by increased emissions from foreign sources, all without producing the degree of adverse impacts to public health and welfare in…",same_argument_in_vehicle,"Nothing substantive—the SPRM merely appends the 2015 NSPS and 2015 CPP to the list of prior findings whose anticipated impacts have not materialized, using the same Crippa-style foreign-emissions point.","Meanwhile, global GHG concentrations in the upper atmosphere have continued to rise, driven primarily by increased emissions from foreign sources,\3\ all without producing the degree of adverse impac…",vehicle_fr
sprm|0#17,II.A. Executive Summary—Introduction,policy,Urgent action is needed to avoid further expenditures in reliance on a potentially unlawful framework that may not materially further public health or welfare.,These interests emphasize the need for urgent action to avoid further expenditures in reliance on a potentially unlawful regulatory framework that may not further public health or welfare in any material respect relevan…,same_argument_in_vehicle,"Only the hedged phrasing ('potentially unlawful,' 'may not further') and the reference point (EPA's positions since 2015 under section 111 rather than the 2009 Endangerment Finding) differ; the reasoning is verbatim the same.",These interests emphasize the need for urgent action to avoid further expenditures in reliance on an unlawful regulatory framework that does not further public health or welfare in any material respe…,vehicle_fr
sprm|1#1,II. Background (Administrator's review and recommendations),legal_precedent,"Recent Supreme Court decisions instruct EPA to reinterpret its statutory authority for GHG regulation, supporting reconsideration of the endangerment finding and related rules.","The Administrator noted that recent Supreme Court decisions, including Loper Bright, West Virginia, UARG, and Michigan, provided further instruction as to how we should interpret and apply the statutes Congress entruste…",same_argument_in_vehicle,Nothing — the SPRM quote is essentially verbatim from the vehicle final rule's background recounting of the Administrator's February 2025 memorandum.,"The Administrator noted that recent Supreme Court decisions, including Loper Bright, West Virginia, UARG, and Michigan v. EPA, 576 U.S. 743 (2015), provided further instruction as to how we should in…",vehicle_fr
sprm|1#2,II. Background (Administrator's review and recommendations),science,The 2009 Endangerment Finding itself acknowledged significant uncertainties that warrant reevaluation against more recent empirical data.,The Administrator further noted that the 2009 Endangerment Finding recognized significant uncertainties in its conclusions and assumptions that should be evaluated in light of more recent empirical data and scientific e…,same_argument_in_vehicle,"Nothing substantive is new; the SPRM restates verbatim the same recitation of the Feb. 19, 2025 Memo's point about acknowledged uncertainties in the 2009 Endangerment Finding.",The Administrator further noted that the Endangerment Finding recognized significant uncertainties in its conclusions and assumptions that should be evaluated in light of more recent empirical data a…,vehicle_fr
sprm|1#3,II. Background (Endangerment Finding Rescission),legal_text,"EPA has already concluded, in the Endangerment Finding Rescission, that global climate change concerns from GHG emissions are not ""air pollution which may reasonably be anticipated to endanger public health or welfare,"" that Congress did not clearly authorize such regulation, and that emission stan…","we concluded that global climate change concerns associated with GHG emissions are not ""air pollution which may reasonably be anticipated to endanger public health or welfare"" within the meaning of CAA section 202(a)(1)…",same_argument_in_vehicle,"Nothing—the SPRM passage is a verbatim-style recital of the three holdings (statutory-meaning, major questions, futility) already finalized in the vehicle rescission.",we conclude that CAA section 202(a)(1) requires that emission standards be capable of having a material impact on the identified danger... the best reading of CAA section 202(a)(1)... does not author…,vehicle_fr
sprm|1#4,II. Background (this supplemental proposal),legal_text,"EPA proposes that it lacks authority under CAA section 111 to regulate power plant GHGs for global climate change reasons because section 111(b)(1)(A)'s predicate requires significant contribution to ""air pollution which may reasonably be anticipated to endanger public health or welfare.""",This supplemental proposal seeks public comment on the question whether the EPA lacks authority under CAA section 111 to regulate GHG emissions from power plants in response to global climate change concerns given CAA s…,extended_or_reframed,"The vehicle documents developed the 'air pollution which may reasonably be anticipated to endanger public health or welfare' predicate theory only for CAA section 202(a)(1) (citing section 111(b)(1)(A) merely as a contrasting, distinct statutory standard), whereas the SPRM newly asserts that this p…","For example, CAA section 111(b)(1)(A) authorizes the EPA to regulate emissions from listed categories of stationary sources if the Administrator determines those sources emit air pollutants that ""sig…",vehicle_fr
sprm|1#5,II. Background (this supplemental proposal),major_questions,"EPA advances distinct statutory authority rationales: the best reading of CAA section 111, the major questions doctrine, the futility of GHG standards in addressing global climate change, and the invalidity of the 2015 alternative endangerment and contribution findings.",the best reading of CAA section 111 with respect to fossil fuel-fired EGUs; the applicability and implications of the major questions doctrine; the futility of GHG emission standards for power plants in addressing globa…,extended_or_reframed,"The SPRM ports the same tripartite framework (best reading, major questions, futility) onto CAA section 111 for fossil fuel-fired EGUs and adds a fourth, wholly new element — challenging the continuing validity of the 2015 NSPS alternative endangerment and significant contribution findings — which …","We conclude that the best reading of the statute does not authorize the EPA to prescribe GHG emission standards based on global climate change concerns... We further conclude, as proposed, that the m…",vehicle_fr
sprm|1#7,II. Background (consequences of proposed conclusion),legal_text,"A final determination that EPA lacks authority would eliminate the legal basis for all section 111 GHG regulation of power plants, requiring rescission of the 2015 NSPS findings and repeal of all such standards.","This conclusion would require the EPA to rescind its findings and determinations in the 2015 NSPS and repeal all GHG regulations and requirements for power plants under CAA section 111, including those in the 2015 NSPS …",same_argument_in_vehicle,Nothing of substance beyond transposing the same 'no authority means the predicate findings and all dependent standards must fall' logic from section 202(a)(1)/vehicle standards to section 111/the 2015 NSPS and 2024 CPS.,This rescission eliminates the statutory basis for those standards because we relied on the Endangerment Finding in each rulemaking to invoke our authority under CAA section 202(a)(1) without making …,vehicle_fr
sprm|1#8,II. Background (footnote 22),legal_precedent,"Any endangerment or contribution findings in the 2015 CPP are already without effect after West Virginia, and would in any event be contradicted by a finding of no statutory authority.","Because the Supreme Court invalidated the 2015 CPP in West Virginia by reversing the D.C. Circuit's vacatur of the EPA's subsequent repeal of the 2015 CPP, any similar findings or determinations in the 2015 CPP are no l…",extended_or_reframed,"New is the affirmative legal conclusion that, because West Virginia reversed the D.C. Circuit's vacatur of the CPP repeal, the 2015 CPP's own endangerment/contribution findings are themselves no longer operative (and would be contradicted by a no-authority finding) — a step beyond the vehicle docum…","Similarly, while the Supreme Court did not grant certiorari on the D.C. Circuit's ruling in American Lung Association upholding the EPA's endangerment finding under CAA section 111, in West Virginia,…",vehicle_rtc
sprm|2#0,B. Statutory Background / 1. 1970 CAA Amendments and Subsequent Regul…,legal_text,"Congress designed the 1970 stationary-source provisions, including CAA section 111, to address contemporary air pollution problems causing harm through local and regional exposure, not global phenomena.",The relevant committees and bill sponsors drafted these provisions to address contemporary air pollution problems causing or threatening harm through exposure at the local and regional level.,extended_or_reframed,"The SPRM applies the local/regional-exposure account of the 1970 Amendments to the stationary-source architecture (CAA sections 107-112, especially section 111), invoking S. Rep. 91-1196 at 18's category of 'emissions unique to stationary sources' as affirmative support for a section 111-specific r…","and legislative debates leading up to the 1970 Amendments similarly attacked air pollution problems arising from local and regional exposure, including smog and health and welfare impacts related to …",vehicle_fr
sprm|2#1,B. Statutory Background / 1. 1970 CAA Amendments and Subsequent Regul…,legal_text,"The Senate Report shows the air pollutants Congress contemplated for section 111 were agents whose presence is generally confined to the area of the emission source, indicating a localized focus.","The Senate Report described the air pollutants subject to the language later adopted at conference as CAA section 111 as ""agents which are not emitted in such quantities or are not of such a character as to be widely pr…",extended_or_reframed,"The SPRM newly quotes the specific language at page 18 of the Senate Report describing the third category (the pollutants later covered by section 111) as agents not widely present or readily detectable whose presence is 'generally confined... to the area of the emission source,' converting a passi…","See, e.g., S. Rep. 91-1196, at 1, 7 (1970) ... id. at 18 (describing the three general categories of air pollution as criteria pollutants, hazardous air pollutants, and certain emissions unique to st…",vehicle_fr
sprm|2#2,B. Statutory Background / 1. 1970 CAA Amendments and Subsequent Regul…,legal_text,"The specific substances Congress listed as likely subject to section 111 were conventional, locally-acting pollutants, not greenhouse gases.","""[t]he information available at this time indicates that the following list of substances are most likely to be considered as the agents to be covered under this section: Arsenic, chlorine gas, hydrogen chloride, copper…",extended_or_reframed,"The SPRM newly marshals the Senate Report's specific enumerated list of substances (arsenic, chlorine gas, HCl, metals, pesticides, radioactive substances) expected to be covered by section 111 as affirmative evidence that Congress contemplated only locally-acting, contaminant-type pollutants for t…","See, e.g., S. Rep. 91-1196, at 1, 7 (1970) ... id. at 18 (describing the three general categories of air pollution as criteria pollutants, hazardous air pollutants, and certain emissions unique to st…",vehicle_fr
sprm|2#4,B. Statutory Background / 2. 1977 CAA Amendments and Subsequent Regul…,legal_text,The provisions Congress added in 1977 likewise targeted emissions causing adverse impacts from local or regional exposure.,"As with the 1970 CAA Amendments, the provisions added in the 1977 CAA Amendments required further steps to combat air pollution by reducing emissions of criteria pollutants and other air pollutants that cause or threate…",extended_or_reframed,"The vehicle rule treated the 1977 Amendments mainly as (a) adding the 'may reasonably be anticipated to' proximate-cause language and (b) adding Title II criteria-pollutant/air-toxics provisions, whereas the SPRM generalizes the claim to the 1977 Amendments' stationary-source-relevant provisions (e…","This pattern of usage is consistent with subsequent legislative amendments to CAA section 202, which added provisions specific to criteria pollutants and air toxics fitting this profile, and with the…",vehicle_fr
sprm|2#5,B. Statutory Background / 2. 1977 CAA Amendments and Subsequent Regul…,legal_text,Congress in 1977 deliberately made the endangerment and contribution language of section 111 parallel to section 202(a)(1) and other provisions so that the same standard of proof would govern each regulatory authority.,"Congress further amended the endangerment and contribution language in CAA section 111, CAA section 202(a)(1), and additional regulatory provisions to provide a comparable standard for invoking each regulatory authority.",extended_or_reframed,"The vehicle documents discuss the 1977 standardized endangerment language only as a commenter argument about precaution (which EPA partly accepted while distinguishing local/regional pollution), whereas the SPRM affirmatively adopts the parallelism as EPA's own premise that section 111(b)(1)(A) and…","Commenters also stated that the 1977 CAA Amendments adopted standardized language to emphasize the precautionary approach to be taken in ""Endangerment Findings"" required in multiple provisions across…",vehicle_rtc
sprm|2#6,B. Statutory Background / 3. 1990 CAA Amendments and Subsequent Regul…,legal_text,"When Congress wished to address global atmospheric problems it enacted separate, tailored authority (title VI for ozone-depleting substances) rather than relying on title I stationary-source provisions.",the newly enacted title VI provided the EPA with new regulatory authorities and obligations to phase out certain ozone depleting substances in response to rising concerns that anthropogenic emissions were contributing t…,same_argument_in_vehicle,Nothing substantive—the SPRM merely points the same Title VI 'Congress legislates expressly for global problems' argument at Title I stationary-source provisions instead of section 202(a).,"Most importantly, Congress adopted a new regulatory regime in 1990--Title VI--in response to global concerns about depletion of the ozone layer, which contains its own findings, policies, and regulat…",vehicle_fr
sprm|2#8,C. Regulation of Greenhouse Gases Under CAA Section 111 / 1. The EPA'…,legal_text,For four decades EPA listed and regulated source categories under section 111 only to address local and regional air pollution and never invoked the provision in response to global climate change.,"During the first four decades of regulatory activity under CAA section 111 and related provisions, the EPA listed and regulated source categories to address air pollution with adverse impacts from local and regional exp…",extended_or_reframed,"The SPRM transplants the 'first four decades of practice addressed only local/regional air pollution' historical argument to a different statutory program, relying on EPA's section 111 source-category listing and standard-setting record (a distinct body of evidence) rather than its motor-vehicle ru…","the EPA notes that during the first 40 years of this provision's history, encompassing rulemakings for many different classes and categories of motor vehicles, the Agency limited the scope of its reg…",vehicle_rtc
sprm|2#9,C. Regulation of Greenhouse Gases Under CAA Section 111 / 1. The EPA'…,procedural,"EPA's past regulation of methane from municipal solid waste landfills was justified by local hazards such as fires and explosions, with global climate benefits treated only as ancillary, so it does not constitute precedent for listing based on global climate change.","we also noted that ""[a]n ancillary benefit from regulating air emissions from MSW landfills is a reduction in the contribution of MSW landfill emissions to global emissions of methane,"" . . . again making it clear that …",extended_or_reframed,"The SPRM adds a section 111-specific precedent-distinguishing analysis of the 1991/1996 MSW landfill listing and NSPS, arguing its justification rested on local fire/explosion hazards with methane-climate benefits merely ancillary — a specific source-category listing rationale never analyzed in the…","The examples pointed to by commenters do not refute the EPA's position. Direct acidification from NOX emissions is consistent with the EPA's best reading of CAA section 202(a)(1), which requires harm…",vehicle_rtc
sprm|2#10,B. Statutory Background / 2. 1977 CAA Amendments and Subsequent Regul…,procedural,"EPA's historical listings under section 111 were based on emissions of nine conventional, locally and regionally acting air pollutants, not greenhouse gases.","The EPA based the list on the source categories' emissions of nine air pollutants: volatile organic compounds (VOC), nitrogen oxides (NOX), particulate matter (PM), sulfur dioxide (SO2), carbon monoxide (CO), lead, fluo…",extended_or_reframed,"The SPRM transplants the 'historical practice covered only locally/regionally acting conventional pollutants' argument to section 111, relying on the new evidentiary hook of the 1979 priority-list rulemaking (44 FR 49222) and its nine-pollutant basis for source-category listing, which the vehicle d…","From 1965 to 2009, we invoked CAA section 202(a)(1) in at least fifteen final rules governing LD, MD, and HD vehicle and engine and motorcycle emissions of hydrocarbons (HC) and other volatile organi…",vehicle_fr
sprm|3#0,Developments prior to 2009 / Massachusetts v. EPA,legal_precedent,"EPA notes that Massachusetts v. EPA expressly declined to decide whether an endangerment finding was required, so that decision does not compel the GHG findings.","Notably, the Court expressly declined to decide whether the EPA was required to issue an endangerment finding as to GHG emissions under the standard set out in CAA section 202(a)(1). Id. at 534 (""We need not and do not …",same_argument_in_vehicle,"Nothing — the SPRM sentence is verbatim identical to the vehicle final rule's characterization of Massachusetts, and the vehicle RTC (e.g., #331, #338) elaborates the same point at length.","Notably, the Court expressly declined to decide whether the EPA was required to issue an endangerment finding as to GHG emissions under the standard set out in CAA section 202(a)(1). Id. at 534 (""We …",vehicle_fr
sprm|3#1,Developments prior to 2009 / Massachusetts v. EPA,legal_precedent,EPA notes Massachusetts also left open whether policy concerns may inform EPA's actions even after a finding is made.,"Nor did the Court address ""whether policy concerns can inform EPA's actions in the event that it makes such a finding."" Id. at 534-35.",same_argument_in_vehicle,"Nothing — the SPRM sentence and citation are verbatim identical to the vehicle final rule's characterization of Massachusetts, also echoed in the vehicle RTC.","Nor did the Court address ""whether policy concerns can inform EPA's actions in the event that it makes such a finding."" Id. at 534-35.",vehicle_fr
sprm|3#3,Developments Between 2009 and 2015 / UARG,legal_text,"EPA relies on UARG to establish that GHGs need not be treated as ""air pollutants"" for all purposes and that statutory context may exclude them from a particular regulatory program.","""Massachusetts does not foreclose the Agency's use of statutory context to infer that certain of the Act's provisions use `air pollutant' to denote not every conceivable airborne substance, but only those that may sensi…",same_argument_in_vehicle,"Nothing of substance—the SPRM quotes the identical UARG passage for the identical proposition already advanced in the vehicle preamble (and echoed in RTC #336, #539), merely applying it to section 111 instead of 202(a).","""Massachusetts does not foreclose the Agency's use of statutory context to infer that certain of the Act's provisions use `air pollutant' to denote not every conceivable airborne substance, but only …",vehicle_fr
sprm|3#5,Developments prior to 2009 / 2008 ANPRM,legal_text,"EPA emphasizes that the CAA was not designed for GHGs and that the Agency historically used its air pollution authorities for local and regional, ground-level problems.","The Agency noted that the CAA was not specifically designed to address GHGs, 73 FR 44397, and that the Agency had traditionally used its air pollution authorities to address local and regional problems, 73 FR 44408.",same_argument_in_vehicle,Nothing of substance—the SPRM repeats the vehicle rule's identical characterization of the 2008 ANPRM with the same two page citations.,"We acknowledged that the CAA ""was not specifically designed to address GHGs,"" 73 FR 44397, and that the EPA had historically interpreted and applied its CAA regulatory authorities as extending to loc…",vehicle_fr
sprm|3#7,Developments Between 2009 and 2015,science,"EPA emphasizes that the 2009 Endangerment Finding rested on an atypical, indirect-effects understanding of public health and welfare, with no health effects from direct exposure to GHGs.","the Administrator acknowledged that the understanding of public health and welfare in the Endangerment Finding was atypical, particularly with respect to considering indirect effects and because ""[n]one of th[e] human h…",same_argument_in_vehicle,"Nothing — the SPRM quote is verbatim identical to the vehicle final rule's characterization, which is also repeated in the vehicle RTC.","Importantly, the Administrator acknowledged that the understanding of public health and welfare in the Endangerment Finding was atypical, particularly with respect to considering indirect effects and…",vehicle_fr
sprm|3#8,Developments Between 2009 and 2015,major_questions,"EPA notes that Congress considered but did not enact GHG/climate legislation, and the 2009 interpretation was adopted only after that legislation stalled.","Congress considered legislation that would have added a new title to the Act specific to GHGs and global climate change . . . When this legislation stalled, however, the EPA finalized a new interpretation of its existin…",same_argument_in_vehicle,Nothing of substance—the SPRM repeats the vehicle rescission's failed-legislation/major-questions narrative (including the point that EPA adopted its new interpretation only after the bills stalled) in the section 111 setting; the companion Title IV/VI 'when Congress wants to address global problem…,"From 2007 to 2009, Congress considered legislation--supported by the President and Administrator in office at the time of the Endangerment Finding--that would have authorized or required the EPA to p…",vehicle_fr
sprm|3#9,The EPA's Regulation of GHGs Under CAA Section 111 Since 2015,legal_text,"EPA characterizes the 2015 rules as a novel, watershed departure that for the first time since 1970 regulated stationary sources for global climate change concerns.","This ""first step"" consisted of two related final rules that, for the first time since 1970, regulated stationary source emissions in response to global climate change concerns. This watershed moment fundamentally change…",extended_or_reframed,"The vehicle documents note only that EPA extended the GHG program to section 111 stationary sources in 2015 (and characterize the 2009 vehicle finding as unprecedented), whereas the SPRM newly characterizes the 2015 section 111 rules themselves as a 'watershed' first-since-1970 departure that funda…","Several years later, the EPA again relied on the Endangerment Finding to extend the GHG regulatory program to new and existing stationary source performance standards and guidelines for power plants …",vehicle_fr
sprm|3#10,2015 NSPS for CO2 Emissions From New Power Plants,legal_text,EPA characterizes as novel the 2015 legal theory that endangerment and significant-contribution findings need not be pollutant-specific and that a listed category may be regulated for any pollutant subject only to a rational basis.,"In the 2015 NSPS, the EPA laid out a novel legal basis for regulating GHG emissions under CAA section 111 based on global climate change concerns. . . . the EPA asserted that once such findings are made for any pollutan…",extended_or_reframed,"The SPRM newly targets the section 111-specific theory that endangerment/significant-contribution findings need not be pollutant-specific and that, once a category is listed, EPA may regulate any pollutant from it subject only to a rational-basis constraint — a listing/rational-basis step absent fr…",the interpretation of CAA section 202(a) that we are finalizing precludes the EPA from issuing standalone endangerment and contribution findings and instead requires the Agency to make findings for p…,vehicle_fr
sprm|3#11,Developments prior to 2009 / petroleum refinery NSPS,procedural,"EPA notes that before 2009 it had consistently declined to set GHG standards under section 111, treating GHGs as readily distinguishable from other pollutants regulated by NSPS.","""we believe that the nature of GHG emissions renders them readily distinguishable from other air pollutants for which we have previously promulgated new performance standards concurrent with an 8-year review of the exis…",extended_or_reframed,"The SPRM adds a specific section 111 rulemaking record—the 2008 petroleum refinery NSPS statement that GHGs are ""readily distinguishable from other air pollutants"" for which EPA had promulgated performance standards—as affirmative evidence of a consistent pre-2009 practice of declining GHG NSPS, wh…","On this basis, we concluded that GHGs ""are not air pollutants under the CAA's regulatory provisions, including sections 108, 109, 111, 112, and 202"" because they categorically are not ""air pollutant[…",vehicle_fr
sprm|4#0,D. Recent Developments — 1. Rescission of the 2009 Endangerment Findi…,legal_text,"EPA has concluded it lacks statutory authority to regulate GHG emissions based on global climate change concerns, as reflected in the final rescission of the 2009 Endangerment Finding.",The EPA concluded in the Endangerment Finding Rescission that we lack statutory authority to regulate GHG emissions from new motor vehicles and motor vehicle engines based on global climate change concerns.,same_argument_in_vehicle,Nothing new — the SPRM merely recites the vehicle rescission's own holding as a recent development.,"On these multiple and independent bases, the EPA concludes that it lacks statutory authority to regulate GHG emissions in response to global climate change concerns under CAA section 202(a)(1)",vehicle_fr
sprm|4#1,D. Recent Developments — 1. Rescission of the 2009 Endangerment Findi…,major_questions,"The appropriate policy response to global climate change is a decision reserved to Congress, and the CAA provisions at issue were enacted to address domestic air pollution problems rather than global climate policy.","We further concluded that the appropriate policy response to global climate change concerns is a decision vested in Congress, and that Congress did not give the EPA the authority to decide the Nation's policy response t…",same_argument_in_vehicle,"Nothing substantive — the SPRM passage merely recounts the vehicle rescission's own holding, using nearly identical language.","The appropriate policy response to global climate change concerns is a decision vested in Congress, and Congress did not decide the Nation's policy response to these concerns when it enacted CAA sect…",vehicle_fr
sprm|4#2,D. Recent Developments — 1. Rescission of the 2009 Endangerment Findi…,futility_contribution,"GHG emission standards are futile because, based on accepted climate impact modeling, they cannot have more than a de minimis impact on phenomena attributed to global climate change.","And we concluded, based on an analysis of commonly accepted climate impact modeling, including models and arguments received from multiple perspectives during the public comment period, that the inability of GHG emissio…",same_argument_in_vehicle,Nothing substantive — the SPRM passage simply recounts the vehicle rule's own futility/de minimis modeling conclusion as a recent development.,"Climate impact modeling submitted during the public comment period, and confirmed by our own analysis, demonstrates that even the complete elimination of all GHG emissions from all new and existing v…",vehicle_fr
sprm|4#3,D. Recent Developments — 2. Proposed Repeal of GHG Standards for Foss…,legal_text,CAA section 111 is best read to require or at least authorize a pollutant-specific endangerment and significant contribution determination as a predicate to setting emission standards for that pollutant.,"CAA section 111 is best read to require, or at least authorize the EPA to require, an Administrator's determination that an air pollutant emitted by a source category causes, or contributes significantly to, air polluti…",extended_or_reframed,"The SPRM ports the pollutant-specific findings-as-predicate theory onto CAA section 111's distinct 'causes, or contributes significantly to' language (and adds the alternative framing that section 111 at least *authorizes* EPA to require such a determination), whereas the vehicle documents grounded…","regulatory history demonstrates that since the inception of section 202(a)(1), the EPA has interpreted the provision to require endangerment findings on a pollutant-by-pollutant basis, even if we hav…",vehicle_rtc
sprm|4#4,D. Recent Developments — 2. Proposed Repeal of GHG Standards for Foss…,legal_text,A significant contribution finding must be made before issuing GHG standards even where the source category was previously listed for other pollutants.,we proposed to conclude that the Administrator must make a significant contribution finding before issuing GHG emission standards for a new source category even if covered sources had previously been listed under a dist…,extended_or_reframed,"The SPRM adds a section 111-specific step: that a pollutant/category-specific significant contribution finding under section 111(b)(1)(A) is a necessary predicate to GHG standards even for a source category already listed for other pollutants (i.e., prior listing does not carry over), which goes be…",The EPA asserted in subsequent rulemakings that there was no need to make particularized findings for the relevant source category because the Endangerment Finding identified public health and welfar…,vehicle_fr
sprm|4#5,D. Recent Developments — 2. Proposed Repeal of GHG Standards for Foss…,futility_contribution,"EPA proposed to determine, departing from the 2015 NSPS and 2024 CPS, that GHG emissions from fossil fuel-fired EGUs do not contribute significantly to dangerous air pollution.","We further proposed to determine, in a change from the 2015 NSPS and 2024 CPS, that GHG emissions from fossil fuel-fired EGUs do not contribute significantly to air pollution as required for the promulgation of new and …",extended_or_reframed,"The vehicle rescission tied its futility/de minimis contribution reasoning solely to the 'cause or contribute' language of CAA section 202(a)(1) for new motor vehicles; the SPRM extends it to a distinct statutory hook—section 111(b)(1)(A)'s 'causes, or contributes significantly to' standard—and to …","Put another way, the inability of GHG emission standards to have any material impact demonstrates that GHG emissions from new vehicles and engines do not contribute to air pollution that endangers pu…",vehicle_fr
sprm|4#6,D. Recent Developments — 2. Proposed Repeal of GHG Standards for Foss…,futility_contribution,Significance of contribution must be judged by whether a finding and resulting regulation would have an influence or effect on the targeted air pollution and its public health or welfare impacts.,We proposed that a determination of significant contribution must consider whether such determination would have an influence or effect on the targeted air pollution and the public health or welfare impacts attributed t…,same_argument_in_vehicle,"Essentially nothing but the statutory setting: the SPRM restates the vehicle rule's futility/non-severance theory (contribution judged by whether regulation would materially affect the air pollution and its health/welfare impacts, considering the resulting standards) now keyed to section 111's 'sig…","CAA section 202(a)(1) requires that emission standards be capable of having a material impact on the identified danger for the Administrator to conclude that the emissions ""contribute"" to air polluti…",vehicle_fr
sprm|4#7,D. Recent Developments — 2. Proposed Repeal of GHG Standards for Foss…,futility_contribution,"Because regulating GHG emissions from fossil fuel-fired EGUs would not significantly affect global GHG air pollution or its attributed health and welfare impacts, the category's contribution is not significant and all such standards should be repealed.",we proposed to find that regulation of GHG emissions from fossil fuel-fired EGUs under CAA section 111 would not have a significant effect on GHG air pollution and the public health or welfare impacts attributed to such…,extended_or_reframed,"The SPRM transplants the vehicle futility/de minimis theory into CAA section 111's distinct 'significantly contribute' standard and applies it as an affirmative determination for the fossil fuel-fired EGU source category (supporting repeal of subparts TTTT/TTTTa/UUUUb), something the vehicle action…","Put another way, the inability of GHG emission standards to have any material impact demonstrates that GHG emissions from new vehicles and engines do not contribute to air pollution that endangers pu…",vehicle_fr
sprm|5#0,IV. Legal Framework for Action,legal_text,"EPA proposes that GHG emissions from power plants cannot satisfy the statutory prerequisite in CAA section 111(b)(1)(A) because global climate change concerns do not qualify as ""air pollution which may reasonably be anticipated to endanger public health or welfare.""",The Agency is proposing in this supplemental notice that global climate change concerns cannot satisfy that standard.,same_argument_in_vehicle,Nothing of substance beyond applying the same 'global climate change concerns are not statutory air pollution' holding to the parallel endangerment prerequisite in section 111(b)(1)(A) rather than section 202(a)(1).,"Because the ordinary meaning, structure, and history of CAA section 202(a)(1) and related provisions demonstrate that this language targets ""air pollution"" that threatens public health or welfare thr…",vehicle_fr
sprm|5#2,IV. Legal Framework for Action,legal_text,Nothing in CAA section 111 prohibits rescinding findings or requires retaining stringency when revising standards.,"CAA section 111(b)(1)(B) explicitly calls upon the Administrator to ""revise"" standards of performance if appropriate and does not require retaining the same level of stringency when revising or rescinding the existing s…",same_argument_in_vehicle,"Nothing of substance — the SPRM reproduces the vehicle rule's rescission-authority reasoning almost verbatim, merely swapping in section 111(b)(1)(B)'s 'revise' directive and 111(b)(1)(A) findings for section 202(a)(1).",Nothing in the language of the relevant statutory provision prohibits or conditions our general authority to rescind prior actions through rulemaking. CAA section 202(a)(1) grants the Administrator d…,vehicle_fr
sprm|5#3,IV. Legal Framework for Action,procedural,EPA has consistently assumed authority to rescind endangerment and contribution findings under the parallel CAA section 202(a)(1) provision.,"The EPA notes that, with regard to the similar statutory provision in CAA section 202(a)(1), it has consistently assumed that it has the statutory authority to rescind endangerment and contribution findings.",same_argument_in_vehicle,"Nothing of substance is new — the SPRM merely invokes the identical 2010/2022 petition-denial practice point (already made in the vehicle final rule, see also FR #111 and #124) as a cross-reference supporting parallel rescission authority under section 111.","Notably, the EPA has consistently assumed that it has the statutory authority to rescind the Endangerment Finding in reviewing the merits of petitions for reconsideration since 2009 and did not state…",vehicle_fr
sprm|5#4,IV. Legal Framework for Action,legal_precedent,Reconsideration is necessary to adopt the best reading of the statute in light of recent Supreme Court decisions in West Virginia and Loper Bright.,"the EPA believes that a reconsideration of these legal interpretations is necessary to hew to the best reading of the statute and in light of recent legal developments, such as the Supreme Court's landmark decisions in …",same_argument_in_vehicle,Nothing of substance—the SPRM simply applies the same 'best reading in light of West Virginia and Loper Bright' rationale for reconsidering prior legal interpretations to the section 111 context.,"In important respects, the Endangerment Finding and the Supreme Court's decision in Massachusetts straddled a transitional period regarding the standards for statutory interpretation and understandin…",vehicle_fr
sprm|5#6,IV. Legal Framework for Action,legal_text,"The flaws identified in the rescinded 2009 Endangerment Finding carry over to the 2015 Findings, which were based in significant part on the same approach.","The 2015 Findings were based in significant part on the approach taken in the 2009 Endangerment Finding, and as such, many of the flaws identified in the 2009 Endangerment Finding similarly impact the legal and analytic…",extended_or_reframed,"The vehicle documents note only descriptively that the 2009 Finding's analytical framework was extended to section 111 stationary sources (and that MQD-relevant rules were 'predicated in part' on it), whereas the SPRM takes the further substantive step of asserting that the specific legal and analy…","Several years later, the EPA again relied on the Endangerment Finding to extend the GHG regulatory program to new and existing stationary source performance standards and guidelines for power plants …",vehicle_fr
sprm|5#7,IV. Legal Framework for Action,legal_text,"Because EPA lacks authority to regulate power plant GHGs based on global climate change concerns, all associated subpart TTTT and TTTTa regulations must be repealed.","because the EPA is proposing to find that we lack authority under CAA section 111 to regulate GHG emissions from fossil fuel-fired power plants based on global climate change concerns, we are also proposing to repeal al…",same_argument_in_vehicle,"Nothing substantive—only the statutory vehicle (CAA section 111/subparts TTTT and TTTTa instead of section 202(a)(1) vehicle standards) changes in the same 'no authority, therefore repeal all dependent regulations' consequential logic.",This rescission eliminates the statutory basis for those standards because we relied on the Endangerment Finding in each rulemaking to invoke our authority under CAA section 202(a)(1)... the regulato…,vehicle_fr
sprm|5#8,IV. Legal Framework for Action,science,"EPA proposes that the NAS extreme-weather attribution report and prior scientific information do not conflict with the legal rationales because the issues here are legal, not scientific.","The issues raised in this supplemental proposal, however, are legal in nature and turn on statutory interpretation and the application of judicial precedent. We propose that this report, and prior information released b…",same_argument_in_vehicle,"Only the identity of the NAS document differs (a 2026 extreme-weather attribution report rather than the September 2025 NAS submission); the legal theory—that NAS science materials do not conflict with, and are not pertinent to, purely legal/statutory-interpretation rationales, satisfying CAA secti…","This submission and additional NAS materials regarding the science of climate change are not pertinent to the bases for this final action, which are legal in nature and rest on statutory interpretati…",vehicle_fr
sprm|5#10,IV. Legal Framework for Action,other,"Retaining the findings and standards without clear statutory authority would frustrate constitutional values, democratic accountability, and the rule of law.","Democratic accountability is essential to the exercise of delegated authority by administrative agencies, and retaining the 2015 Findings and associated GHG standards without clear statutory authority would frustrate, n…",same_argument_in_vehicle,"Nothing of substance—the SPRM reproduces the vehicle sentence nearly verbatim (with the same U.S. Telecom/Kagan citations), substituting the 2015 Findings and power-plant GHG standards for the Endangerment Finding and vehicle standards.","Democratic accountability is essential to the exercise of delegated authority by administrative agencies,\81\ and retaining the Endangerment Finding and associated GHG emission standards without clea…",vehicle_fr
sprm|5#12,V. Rescission of the 2015 Findings,legal_text,"The best reading of CAA section 111(b)(1)(A) is that the ""air pollution"" addressed must adversely impact public health or welfare through local or regional exposure.","the best reading of the requirement to list a source category ""if in [the Administrator's] judgment it causes, or contributes significantly to, air pollution which may reasonably be anticipated to endanger public health…",extended_or_reframed,"The SPRM transposes the 'local or regional exposure' best reading onto a different statutory provision—section 111(b)(1)(A)'s source-category listing standard with its distinct 'causes, or contributes significantly to' language—which requires fresh textual/structural analysis of section 111 rather …",The EPA is finalizing as proposed that CAA section 202(a)(1) is best read as authorizing the Agency to regulate emissions that cause or contribute to air pollution that endangers public health or wel…,vehicle_fr
sprm|5#13,V. Rescission of the 2015 Findings,legal_text,"GHGs endanger only via elevated global atmospheric concentrations and second- and third-order climate phenomena, not local or regional exposure, so they cannot satisfy section 111(b)(1)(A).",Because GHG emissions may endanger public health and welfare only by virtue of elevated global concentrations of GHGs in the atmosphere and the impacts of second- and third-order phenomena attributed to global climate c…,extended_or_reframed,"The core theory (GHGs endanger only via global concentrations and downstream second-/third-order climate phenomena, not local or regional exposure) is already fully developed in the vehicle rescission; what is new is its attachment to the distinct statutory standard of CAA section 111(b)(1)(A) (sta…","In contrast to the air pollution addressed expressly in CAA section 202 and elsewhere in the statute, GHGs do not endanger public health or welfare through local or regional exposure. Rather, the End…",vehicle_fr
sprm|5#14,V. Rescission of the 2015 Findings,futility_contribution,The futility of regulating power plant GHGs to address climate impacts reinforces the proposed local/regional reading of the statute.,The futility of regulating GHG emissions from fossil fuel-fired power plants under CAA section 111 in addressing the public health and welfare impacts attributed to global climate change further reinforces this proposed…,same_argument_in_vehicle,Only the statutory vehicle changes (section 111 power plants rather than section 202(a) motor vehicles); the reasoning that futility reinforces the local/regional reading is verbatim the same.,The futility of GHG emission standards in addressing the [[Page 7712]] health and welfare impacts attributed to global climate change further reinforces this interpretation.,vehicle_fr
sprm|5#15,V. Rescission of the 2015 Findings (V.A.2),procedural,EPA unlawfully combined two source categories in 2015 to create the fossil fuel-fired EGU source category without undertaking a new listing under section 111(b)(1)(A).,"in 2015 the EPA combined two separate source categories to create the fossil fuel-fired EGU source category specifically for the purpose of regulating GHG emissions from these sources. In doing so, we failed to undertak…",new_in_sprm,The specific procedural claim that EPA's 2015 combination of two previously listed source categories into a single 'fossil fuel-fired EGU' category required (and lacked) a new listing determination under CAA section 111(b)(1)(A) appears nowhere in the vehicle rescission.,,none
sprm|5#16,V. Rescission of the 2015 Findings (V.A.2),legal_text,"The rescission of the 2009 Endangerment Finding abrogated the legal framework underlying the 2015 Findings, leaving them without legal basis.","The rescission of the 2009 Endangerment Finding has abrogated the legal framework underlying the 2015 Findings, which the EPA proposes to find renders the 2015 Findings without legal basis.",extended_or_reframed,"The vehicle rule confined the 'no remaining legal basis' consequence to CAA section 202(a)(1) standards and reaffirmations of the Endangerment Finding, whereas the SPRM extends that abrogation logic across statutory provisions to the independently made 2015 section 111 endangerment/contribution fin…",This rescission eliminates the statutory basis for those standards because we relied on the Endangerment Finding in each rulemaking to invoke our authority under CAA section 202(a)(1) without making …,vehicle_fr
sprm|5#17,V. Rescission of the 2015 Findings (V.B),major_questions,The major questions doctrine applies and EPA lacks the clear congressional authorization needed for the unheralded assertion of authority in the 2015 Findings.,Section V.B proposes that the major questions doctrine applies to the EPA's assertion of authority under CAA section 111 and that the Agency lacks the clear congressional authorization required for the unheralded assert…,extended_or_reframed,"The vehicle rescission applied the major-questions/clear-authorization analysis to CAA section 202(a)(1) (and only discussed West Virginia as precedent, expressly noting the Court did not decide whether section 111 authorizes GHG regulation), whereas the SPRM newly asserts that EPA's own section 11…","Under the major questions doctrine, we conclude that the EPA lacks the ""clear congressional authorization"" required for the novel approach taken in the Endangerment Finding and resulting GHG emission…",vehicle_fr
sprm|5#18,V. Rescission of the 2015 Findings (V.B),major_questions,The Nation's policy response to global climate change is a question of vast economic and political significance Congress did not clearly delegate through the listing provision.,the Nation's policy response to global climate change concerns is a question of significant economic and political importance that Congress did not clearly empower the EPA to decide by authorizing the Administrator to l…,extended_or_reframed,"The SPRM ports the identical major-questions proposition to a different statutory hook—section 111's source-category listing provision (111(b)(1)(A))—requiring EPA to argue that a mere listing decision, rather than a standard-setting authorization, is the vehicle of the claimed major delegation, in…","We review the Supreme Court's precedents applying the major questions doctrine, including UARG and West Virginia, to conclude that the Nation's policy response to global climate change concerns is a …",vehicle_fr
sprm|5#19,V. Rescission of the 2015 Findings (V.B),legal_text,A limiting construction of section 111(b)(1)(A) is necessary to avoid serious constitutional (nondelegation) concerns with the provision's breadth under the 2015 logic.,We further propose that a limiting construction of CAA section 111(b)(1)(A) is necessary to avoid serious constitutional concerns with the breadth of the provision required by the logic adopted in the 2015 Findings.,same_argument_in_vehicle,"Nothing of substance beyond swapping section 202(a)(1) for section 111(b)(1)(A); the constitutional-avoidance/nondelegation limiting-construction theory, including the DeBartolo/Crowell avoidance canon and the Whitman rebuttal, was fully developed in the vehicle rule and RTC.",We further explain that a limiting construction of CAA section 202(a)(1) is necessary to avoid serious constitutional concerns with the breadth of the provision required by the logic adopted in the E…,vehicle_fr
sprm|5#20,V. Rescission of the 2015 Findings (V.C),futility_contribution,EPA lacks authority because regulating power plant GHGs cannot diminish climate-attributed health and welfare impacts in any non-de minimis way.,the EPA lacks authority to regulate GHG emissions under CAA section 111(b)(1)(A) because such regulations have not and cannot diminish the public health and welfare impacts attributed to global climate change in any non…,extended_or_reframed,"The SPRM ports the futility/de minimis theory from CAA section 202(a)(1) to section 111(b)(1)(A), which has a distinct statutory hook ('causes, or contributes significantly to') and a different source category with its own emissions-share and modeling record, rather than simply repeating the vehicl…",the EPA is finalizing that its... Section V.C of this preamble explains our determination... that GHG emission standards have not and cannot materially diminish the health and welfare impacts attribu…,vehicle_fr
sprm|5#21,V. Rescission of the 2015 Findings (V.C),science,Modeling shows that even eliminating all U.S. power plant CO2 emissions would produce temperature and sea level changes below the range of inherent measurement variability.,the results of commonly accepted models indicate that even the elimination of all CO2 emissions from fossil fuel-fired power plants in the United States . . . would not yield impacts beyond a level that is well below th…,extended_or_reframed,"The vehicle record contained only commenter-supplied power-sector modeling that EPA noted was of similar magnitude to vehicles, whereas the SPRM adopts EPA's own power-plant-specific GMST and GSLR modeling as an affirmative finding supporting rescission under section 111.","one commenter modeled the elimination of US power sector GHG emissions, which GHG emissions are of similar magnitude to US motor vehicle emissions, and projected the impact on 2050 global surface tem…",vehicle_rtc
sprm|5#22,V. Rescission of the 2015 Findings (V.C),futility_contribution,Background principles that Congress does not require futile efforts or address de minimis concerns in general statutory terms support the rescission.,given the language of CAA section 111(b)(1)(A) and the background principles that Congress does not require futile efforts or include de minimis concerns in general statutory terms.,same_argument_in_vehicle,"Nothing of substance—only the statutory citation changes from section 202(a)(1) to section 111(b)(1)(A), with the same de minimis and presumption-against-ineffectiveness background principles (Wrigley, Alabama Power, Jackson v. S.S. Archimedes) already developed in the vehicle rule.",We conclude that these findings lend further support to the basis for rescission in section V.A of this preamble given the language of CAA section 202(a)(1) and the background principles that Congres…,vehicle_fr
sprm|5#23,V. Rescission of the 2015 Findings,legal_precedent,Loper Bright's holding that statutes have a single best meaning fixed at enactment displaces the deference-era assumptions underlying the 2015 Findings.,"In Loper Bright, the Supreme Court overruled the Chevron doctrine of deference to agency statutory interpretation, ruling that statutes ""have a single, best meaning"" that is "" `fixed at the time of enactment' """,same_argument_in_vehicle,"Nothing of substance—the SPRM reuses the same Loper Bright/Wisconsin Central holding and the same 'deference-era assumptions have been displaced' reasoning, merely aimed at the 2015 section 111 findings instead of the 2009 section 202(a) finding.","In Loper Bright, the Supreme Court overruled the Chevron doctrine of deference to agency statutory interpretation, ruling that statutes ""have a single, best meaning"" that is ""`fixed at the time of en…",vehicle_fr
sprm|5#24,V. Rescission of the 2015 Findings,other,Each proposed legal basis is independently sufficient to rescind the 2015 Findings and repeal the GHG standards.,Each of the legal bases proposed in this action is independent from the others and would be sufficient to rescind the 2015 Findings and repeal the associated GHG standards.,same_argument_in_vehicle,Nothing of substance — the SPRM simply restates the vehicle rule's independence/severability declaration in the section 111 context.,"Each of the legal bases finalized in this action is separate and independent from the others, and the EPA would rescind the Endangerment Finding and repeal the GHG emission standards on any one of th…",vehicle_fr
sprm|6#0,Introduction / summary of independent bases,legal_text,"Lack of statutory authority independently requires rescission even without the major questions doctrine, and each proposed basis is separate and independent.","is proposing that a lack of statutory authority for the 2015 Findings and related GHG regulations would require the rescissions and repeals even if the major questions doctrine did not apply. Similarly, we propose that …",same_argument_in_vehicle,"Nothing of substance—the SPRM repeats the vehicle rule's severability/independent-bases formulation nearly verbatim, merely substituting the 2015 Findings and section 111 program for the Endangerment Finding and section 202(a) standards.","The EPA's lack of statutory authority for the Endangerment Finding and related regulations would require rescission and repeal even if the major questions doctrine did not apply. Similarly, the major…",vehicle_fr
sprm|6#1,Introduction / summary of independent bases,futility_contribution,The futility of regulating GHG emissions from fossil fuel-fired power plants is a separate and independent basis for the action.,"And that futility, in turn, provides another separate and independent basis for these proposed actions.",same_argument_in_vehicle,Nothing of substance beyond applying the same standalone-futility rationale to fossil fuel-fired power plants under section 111 rather than motor vehicles under section 202(a).,"Independent basis for repealing GHG emission standards. Separate from the rescission of the Endangerment Finding, the EPA is finalizing the futility rationale as a standalone basis for repealing the …",vehicle_fr
sprm|6#2,A. Best Reading of CAA Section 111(b)(1)(A),legal_text,"Under the best reading of CAA section 111, fixed at enactment, EPA's 2015 change in position exceeded its statutory authority.","The EPA is proposing that under the best reading of CAA section 111, fixed at the time of enactment and informed by ordinary principles of statutory interpretation and relevant history, the Agency's change in position i…",extended_or_reframed,"The SPRM transplants the Loper Bright 'single best reading fixed at enactment' framework onto a different statutory provision (section 111(b)(1)(A)) and a different prior action (the 2015 NSPS as retained in the 2024 CPS), which requires its own textual/structural analysis (e.g., source-category li…","Upon careful review of the text, structure, and history of CAA section 202(a)(1) and related provisions ... we are finalizing that the Endangerment Finding and GHG regulatory program for new motor ve…",vehicle_fr
sprm|6#3,A. Best Reading of CAA Section 111(b)(1)(A),legal_text,CAA section 111(b)(1)(A) sets the outer bounds of EPA's authority and only authorizes regulating emissions contributing to air pollution that endangers health or welfare through local or regional exposure.,we propose multiple reasons for concluding that CAA section 111(b)(1)(A) sets the outer bounds of the EPA's regulatory authority and is best read as authorizing the Agency to regulate emissions that contribute significa…,extended_or_reframed,"The SPRM transplants the 'local or regional exposure' reading to CAA section 111(b)(1)(A) — a distinct provision with its own 'contribute significantly' trigger and source-category listing structure, treated in the vehicle RTC only as a contrasting provision — and frames it as setting the 'outer bo…",The EPA is finalizing as proposed that CAA section 202(a)(1) is best read as authorizing the Agency to regulate emissions that cause or contribute to air pollution that endangers public health or wel…,vehicle_fr
sprm|6#5,1. CAA Section 111(b)(1)(A) Does Not Subject Source Category Emission…,legal_text,"EPA's local/regional-exposure reading is consistent with ordinary meaning, statutory structure and history, pre-2015 practice, and proximate-cause default rules.","This reading is consistent with the ordinary meaning of key terms and the statutory structure and history, our decades-long implementation of the statute prior to 2015, and background principles of statutory interpretat…",same_argument_in_vehicle,"Only the section 111 framing and the shift of the practice baseline from 2009 to 2015 (reflecting when EPA first regulated GHGs from stationary source categories); the interpretive theory, evidentiary bases (ordinary meaning, structure/history, prior practice, proximate-cause default rules) are ide…","This reading is consistent with the ordinary meaning of key terms and the statutory structure, our decades- long implementation of the statute prior to 2009, and background principles of statutory in…",vehicle_fr
sprm|6#6,1. CAA Section 111(b)(1)(A) Does Not Subject Source Category Emission…,legal_precedent,"Massachusetts and AEP addressed distinct issues and must be harmonized with UARG, West Virginia, and Loper Bright, which support the narrower reading.","This reading is also consistent with the Supreme Court's decisions in Massachusetts and AEP, both of which addressed distinct issues and must be read in harmony with subsequent decisions bearing on the EPA's authority a…",same_argument_in_vehicle,"Only the addition of AEP alongside Massachusetts in the harmonization formulation — but the vehicle documents already made the identical point about AEP (that it addressed federal common law and 'said nothing about the ways in which Congress intended EPA to exercise its power' under section 111(d),…","This reading is also consistent with the Supreme Court's decision in Massachusetts, which addressed distinct issues arising out of the denial of a petition for rulemaking and must, as a matter of sta…",vehicle_fr
sprm|6#7,1. CAA Section 111(b)(1)(A) Does Not Subject Source Category Emission…,legal_text,"The listing authority in section 111(b)(1)(A) cabins the overall regulatory scope of section 111, so regulation of a pollutant depends on whether the associated air pollution is the type Congress authorized EPA to address.",the Agency's authority to regulate particular emissions from a given source category is cabined by whether the associated air pollution is the type that Congress authorized the EPA to address.,extended_or_reframed,The SPRM newly applies the provision-specific-authority theory to section 111 by arguing that the listing/significant-contribution trigger in 111(b)(1)(A) itself cabins the scope of regulation under 111(b)(1)(B)—a structural step the vehicle documents only cited in passing as a contrast to section …,"the Court has since made clear in UARG and West Virginia that our authority to regulate an ""air pollutant"" encompassed within the Act-wide definition must be evaluated in the context of the particula…",vehicle_fr
sprm|6#8,1. CAA Section 111(b)(1)(A) Does Not Subject Source Category Emission…,legal_text,"Any section 111 regulation of stationary sources must be predicated on qualifying ""air pollution which may reasonably be anticipated to endanger public health or welfare.""","Thus, we propose that the basis for any regulation of stationary sources under CAA section 111 must be ""air pollution which may reasonably be anticipated to endanger public health or welfare.""",same_argument_in_vehicle,Nothing substantive beyond transposing the same 'qualifying air pollution' predicate theory from CAA section 202(a)(1) to the parallel phrase in section 111(b)(1)(A).,"Thus, a necessary condition to regulating emissions from new motor vehicles and engines is a finding--an ""endangerment finding""-- that emissions of an air pollutant from a class or classes of new mot…",vehicle_fr
sprm|6#9,1. CAA Section 111(b)(1)(A) Does Not Subject Source Category Emission…,procedural,"EPA erred in the 2015 NSPS by effectively creating a new combined source category without undertaking a listing, which would have required analyzing whether global climate change is qualifying air pollution and whether power plant GHGs contribute significantly.",we propose that the Agency erred in failing to undertake a listing for this new source category. That listing action would have required analyzing whether the global climate change concerns associated with power plant G…,new_in_sprm,The SPRM newly asserts a section 111-specific procedural defect—that the 2015 NSPS effectively created a new combined source category without the required CAA section 111(b)(1)(A) listing action (and its attendant 'air pollution' and 'significant contribution' analyses)—a listing-process theory abs…,"The EPA has never issued a Title II regulation that lists permanent source categories, nor does Title II require us to do so.",none
sprm|6#10,1. CAA Section 111(b)(1)(A) Does Not Subject Source Category Emission…,legal_text,"Even under the ""rational basis"" approach used in 2015, it would be irrational to regulate a source category's emissions for purposes other than addressing qualifying endangering air pollution.","We propose that even under the ""rational basis"" approach, it would be irrational to regulate emissions from a source category for purposes other than addressing ""air pollution which may reasonably be anticipated to enda…",extended_or_reframed,"The SPRM newly engages the section 111 ""rational basis"" standard articulated in the 2015 EGU NSPS and argues that regulation would be irrational even on that standard's own terms — a 111-specific framing absent from the vehicle documents, which addressed only section 202(a)(1)'s cause/contribute/en…","CAA section 202(a)(1) does not provide authority to regulate GHGs based on global climate change concerns because that provision authorizes regulating only emissions that ""cause, or contribute to, ai…",vehicle_fr
sprm|6#11,a. Extending CAA Section 111(b)(1)(A) Regulation to Global Climate Ch…,legal_text,"EPA proposes to interpret ""air pollution"" in section 111 as that which itself endangers public health or welfare through local or regional exposure, based on the terms' ordinary meaning at enactment and CAA section 302 definitions.","The EPA proposes to interpret ""air pollution"" as that which itself endangers public health or welfare through local or regional exposure. This interpretation is supported by the ordinary meaning at the time of enactment…",extended_or_reframed,"The interpretive theory (ordinary meaning of 'air pollution'/'pollutant'/'pollution' at enactment plus CAA section 302 definitions of 'air pollutant' and 'welfare') is essentially identical, but the SPRM transplants it into section 111(b)(1)(A)'s distinct text, structure, and listing/standard-setti…",Read together with CAA section 202(a)--as the Supreme Court held we must in UARG--the underlying concept of dangerousness and contamination reinforces the conclusion that air pollution which endanger…,vehicle_fr
sprm|6#12,a. Extending CAA Section 111(b)(1)(A) Regulation to Global Climate Ch…,legal_text,"Dictionary definitions of ""pollutant,"" ""pollution,"" and ""pollute"" center on contamination and toxicity, reinforcing that ""air pollution"" refers to what itself endangers through local or regional exposure when read in context as UARG requires.","The underlying concept of dangerousness and contamination reinforces the conclusion that ""air pollution""--when read in the context of CAA section 111, as the Supreme Court held the EPA must in UARG--refers to that which…",same_argument_in_vehicle,"Nothing of substance—the SPRM reproduces the vehicle's dictionary-definition/UARG-context reasoning nearly verbatim, changing only the statutory cite from section 202(a)(1) to section 111.",Read together with CAA section 202(a)--as the Supreme Court held we must in UARG--the underlying concept of dangerousness and contamination reinforces the conclusion that air pollution which endanger…,vehicle_fr
sprm|6#13,a. Extending CAA Section 111(b)(1)(A) Regulation to Global Climate Ch…,legal_text,"Contemporaneous 1960s-70s judicial, news, and legislative usage of ""air pollution"" referred exclusively to local and regional exposure problems like smog.","Contemporaneous usage of the term ""air pollution"" in the 1960s and 1970s supports this reading. Judicial decisions issued around that time used the term exclusively in reference to local and regional exposure.",same_argument_in_vehicle,"Nothing of substance—the SPRM repeats the same contemporaneous-usage argument and the same two cited cases (Washington v. GM, Friends of Earth v. FCC), merely applied to section 111.","Contemporaneous usage of the term ""air pollution"" in the 1960s and 1970s further indicate the term was understood in this way when Congress adopted it into Title II of the CAA. Judicial decisions iss…",vehicle_fr
sprm|6#14,a. Extending CAA Section 111(b)(1)(A) Regulation to Global Climate Ch…,legal_text,"The section 302(h) ""welfare"" list, including ""climate"" and ""weather,"" referred to locally or regionally bounded conditions, as confirmed by noscitur a sociis.","Each of the other terms in the definition of ""welfare"" refers to things and mechanisms of action that occur in a particular place or under regionally bounded conditions.",same_argument_in_vehicle,"Nothing of substance—the SPRM repeats the vehicle rule's noscitur a sociis reading of the section 302(h) welfare list (including 'climate' and 'weather') as locally or regionally bounded, essentially verbatim, with the same Fischer and Gustafson citations.","the definition refers to things and mechanisms of action that occur in a particular place or under regionally bounded conditions. The terms Congress used to define ""welfare"" speak to air pollution wi…",vehicle_fr
sprm|6#15,a. Extending CAA Section 111(b)(1)(A) Regulation to Global Climate Ch…,legal_text,"None of the terms in the welfare definition would have been understood to refer to global considerations, and Congress never added words like ""global"" or ""change"" to expand that scope, though it has done so in other programs.","But none of the many terms listed in the definition of welfare would have been understood, absent modifying terms, to refer to global considerations. Nor has Congress added terms like ""global"" or ""change"" that would hav…",same_argument_in_vehicle,"Nothing—the SPRM quote is verbatim identical to the vehicle final rule passage, including the supporting RFS 'climate change' contrast in footnote 130 and RTC discussion.","But none of the many terms listed in the definition of welfare would have been understood, absent modifying terms, to refer to global considerations. Nor has Congress added terms like ""global"" or ""ch…",vehicle_fr
sprm|6#16,a. Extending CAA Section 111(b)(1)(A) Regulation to Global Climate Ch…,legal_text,Global climate change entails a very different and much longer causal chain than the local and regional exposure air pollution Congress addressed.,"The terms Congress used speak to air pollution with adverse impacts from local and regional exposure, not global climate change concerns that entail a very different and much longer causal chain.",same_argument_in_vehicle,"Nothing substantive — the SPRM reuses the vehicle rule's near-verbatim formulation, merely attaching it to CAA section 111(b)(1)(A) rather than section 202(a)(1).","The terms Congress used to define ""welfare"" speak to air pollution with adverse impacts from local and regional exposure, not global climate change concerns that require a very different and much lon…",vehicle_fr
sprm|6#17,a. Extending CAA Section 111(b)(1)(A) Regulation to Global Climate Ch…,legal_text,"The 2015 Findings' interpretation of ""air pollution"" as global GHG concentrations is different in kind from contemporaneous understandings of the term.","The interpretation of ""air pollution"" reflected in the 2015 Findings is different in kind from contemporaneous understandings of the term. That interpretation was, to a significant degree, rooted in the 2009 Endangermen…",same_argument_in_vehicle,"Only that the SPRM notes the 2015 section 111 Findings inherited this interpretation from the 2009 Endangerment Finding, applying the identical 'different in kind from contemporaneous meaning' theory.","the ""air pollution"" so defined, threatens public health and welfare through an elongated chain of causation different in kind from ""air pollution"" as the public understood it in the 1960s and 1970s.",vehicle_rtc
sprm|6#18,a. Extending CAA Section 111(b)(1)(A) Regulation to Global Climate Ch…,legal_text,"Unlike air pollution historically regulated under section 111 and title I, GHGs do not endanger health or welfare through local or regional exposure but only via well-mixed elevated global concentrations driving other phenomena.","GHGs do not endanger public health or welfare through local or regional exposure. Rather, any adverse impacts stem from GHGs becoming well mixed in the upper atmosphere, resulting in elevated global GHG concentrations. …",same_argument_in_vehicle,Nothing substantive—the SPRM merely restates the vehicle rule's local/regional-exposure vs. well-mixed-global-concentration contrast in the section 111 context.,"In contrast to the air pollution addressed expressly in CAA section 202 and elsewhere in the statute, GHGs do not endanger public health or welfare through local or regional exposure. Rather, the End…",vehicle_fr
sprm|6#19,a. Extending CAA Section 111(b)(1)(A) Regulation to Global Climate Ch…,legal_text,"The 2009 Finding itself conceded the situation was ""unique"" because no identified health effects arise from direct exposure to GHGs, and EPA treated that analytical difficulty as a sign the causal chain differs in kind.","The Administrator admitted at the time that the circumstances were ""unique"" because ""[n]one of th[e] human health effects"" identified in the Endangerment Finding ""are associated with direct exposure to greenhouse gases.""",same_argument_in_vehicle,"Nothing of substance — the SPRM reuses the same 'unique'/no-direct-exposure concession and the same 'analytical difficulty signals a different-in-kind causal chain' reasoning (vehicle_fr #182–183, RTC #147, #279), merely applied in the section 111 context.","Indeed, the Administrator expressly admitted at the time that the circumstances were ""unique"" because ""[n]one of th[e] human health effects"" identified in the Endangerment Finding ""are associated wit…",vehicle_fr
sprm|6#20,a. Extending CAA Section 111(b)(1)(A) Regulation to Global Climate Ch…,legal_text,"Reading section 111 to authorize GHG regulation for global climate change would require impermissibly inserting an additional ""cause, or contribute"" link into the statute.","reading CAA section 111 to authorize the regulation of GHG emissions based on global climate change concerns would similarly require reading section 111(b)(1)(A) as encompassing the ""emission of air pollutants that caus…",same_argument_in_vehicle,Nothing of substance beyond restating the same 'extra cause-or-contribute link' theory using section 111(b)(1)(A)'s 'contributes significantly' language instead of section 202(a)'s.,"Regulating GHG emissions based on global climate change concerns requires reading an additional instance of ""cause, or contribute"" into the statute, such that CAA section 202(a) encompasses the `emis…",vehicle_fr
sprm|6#21,a. Extending CAA Section 111(b)(1)(A) Regulation to Global Climate Ch…,legal_precedent,"Background default rules of causation and proximate cause, presumed incorporated into section 111(b)(1)(A), preclude regulating power plants based on global climate change concerns.",The EPA is proposing that background principles of causation and proximate cause support our proposed interpretation of CAA section 111(b)(1)(A) as not extending to regulation of fossil fuel-fired power plants based on …,same_argument_in_vehicle,Nothing of substance beyond applying the same proximate-cause/default-rules theory (and the same three Supreme Court citations) to section 111(b)(1)(A) instead of section 202(a)(1).,"In enacting and amending CAA section 202(a)(1), Congress legislated against background legal principles, including principles of causation and proximate cause.\123\ These ""default rules"" are ""presume…",vehicle_fr
sprm|6#22,a. Extending CAA Section 111(b)(1)(A) Regulation to Global Climate Ch…,legal_text,"Congress endorsed proximate cause principles by adding ""may reasonably be anticipated"" in the 1977 Amendments, a phrase equivalent to ""reasonably foreseeable.""","Congress endorsed the incorporation of proximate cause principles when it added the phrase ""may reasonably be anticipated"" to this section in the 1977 CAA Amendments. That phrase is another way of saying ""reasonably for…",same_argument_in_vehicle,Nothing of substance — the SPRM restates the identical 1977-amendments/proximate-cause-foreseeability argument (with the same Hicks citation) in the section 111(b)(1)(A) context.,"Indeed, Congress affirmatively incorporated proximate cause principles when it added the phrase ""may reasonably be anticipated"" to the statute in 1977 amendments to the CAA. That phrasing is another …",vehicle_fr
sprm|7#0,"Interpretation of ""cause or contribute"" and ""reasonably anticipated t…",legal_text,"GHG emissions from U.S. power plants lack a sufficiently close causal connection to the identified harms to satisfy the legal meaning of ""cause"" or ""contribute"" in CAA section 111(b)(1)(A).","GHG emissions from fossil fuel-fired power plants in the United States do not have a sufficiently close connection to the harms identified in the 2015 Findings to fit within the legal meaning of ""cause"" or ""contribute.""",same_argument_in_vehicle,Nothing substantive beyond swapping the source category (power plants/2015 Findings) and statutory provision (section 111(b)(1)(A)) into the same proximate-cause/attenuated-causal-chain theory already articulated for section 202(a)(1).,Emissions from new motor vehicles and new motor vehicle engines in the United States do not have a sufficiently close connection to the adverse impacts identified in the Endangerment Finding to fit w…,vehicle_fr
sprm|7#1,"Interpretation of ""cause or contribute"" and ""reasonably anticipated t…",legal_text,"The word ""reasonably"" imposes an outer limit on anticipating endangerment, and the more causal links involved, the less reasonable the anticipation.","Like the terms ""cause"" and ""contribute,"" the term ""reasonably"" places an outer legal limit on the authority to anticipate dangers to public health and welfare from air pollution. The greater the number of causal links i…",same_argument_in_vehicle,"Nothing of substance—the SPRM language is verbatim identical to the vehicle final rule passage, merely applied in the section 111 setting.","Like the terms ""cause"" and ""contribute,"" the term ""reasonably"" places an outer legal limit on the authority to anticipate dangers to public health and welfare from air pollution. The greater the numb…",vehicle_fr
sprm|7#2,"Interpretation of ""cause or contribute"" and ""reasonably anticipated t…",legal_text,"Global climate change causal relationships are too uncertain, conjectural, and remote to fit within the statutory terms of section 111(b)(1)(A).","Global climate change concerns involve causal relationships that are too uncertain, conjectural, remote, and convoluted by intervening and confounding factors to fit within the terms ""cause,"" ""contribute,"" and ""reasonab…",same_argument_in_vehicle,"Nothing of substance—the SPRM reproduces the vehicle sentence nearly verbatim with 'section 111(b)(1)(A)' swapped for 'section 202(a)(1)' (without, in this quote, engaging section 111's added 'significantly' modifier).","global climate change concerns involve causal relationships that are too uncertain, conjectural, remote, and convoluted by intervening and confounding factors to fit within the terms ""cause,"" ""contri…",vehicle_fr
sprm|7#3,"Interpretation of ""cause or contribute"" and ""reasonably anticipated t…",legal_text,Statutory language permitting regulation of not-yet-certain harm does not displace ordinary background principles limiting attenuated causal chains.,But that language bearing on the degree of certainty required does not override ordinary background principles governing the limits of an attenuated causal chain.,same_argument_in_vehicle,"Nothing of substance is new — the SPRM sentence is verbatim from the vehicle final rule preamble, merely transposed to section 111(b)(1)(A).","In specifying that emissions may ""cause, or contribute to"" air pollution, and that air pollution need only ""be reasonably anticipated to endanger public health or welfare,"" Congress signaled that reg…",vehicle_fr
sprm|7#4,"Interpretation of ""cause or contribute"" and ""reasonably anticipated t…",legal_text,"The 2015 Findings departed from over forty years of EPA practice under section 111, which had targeted pollutants harmful through local or regional exposure.","Thus, the EPA deviated from over forty years of precedent when it expanded the reach of CAA section 111 in the 2015 Findings.",extended_or_reframed,"The SPRM transplants the 'forty years of contrary practice' argument to CAA section 111 and supports it with a distinct body of section 111 regulatory history (e.g., 36 FR 24877, 61 FR 9905) showing prior listings/standards targeted locally or regionally harmful pollutants, rather than the section …",The Endangerment Finding was an unprecedented and unheralded use of CAA section 202(a)(1) as the regulatory history from the passage of CAA section 202(a)(1) in 1965 to today demonstrates... during t…,vehicle_rtc
sprm|7#5,"Interpretation of ""cause or contribute"" and ""reasonably anticipated t…",legal_text,Interpreting section 111 to allow endangerment findings when most of the underlying emissions come from foreign sources is contrary to the statute.,"The EPA now proposes that interpreting ""air pollution which may reasonably be anticipated to endanger public health or welfare"" to permit regulation even when most of the endangerment stems from international sources is…",same_argument_in_vehicle,Nothing of substance beyond applying the same international-emissions argument to section 111's identically worded 'air pollution which may reasonably be anticipated to endanger' language instead of section 202(a)(1).,"expanding CAA section 202(a)(1) to encompass global climate change concerns required the EPA to take the admittedly ""unique"" approach of finding endangerment and contribution where the overwhelming m…",vehicle_fr
sprm|7#6,"Interpretation of ""cause or contribute"" and ""reasonably anticipated t…",legal_text,"Congress addressed international emissions through specific provisions (sections 115, 179B, title VI), showing general authorities like section 111 do not encompass international emissions.","None of these provisions encompass GHG emissions, and all support the conclusion that Congress does not presume that general authorities in the CAA encompass international emissions. Rather, Congress knows how to provid…",same_argument_in_vehicle,"Nothing of substance — the SPRM reproduces the vehicle preamble's sections 115/179B/Title VI structural argument nearly verbatim, merely swapping 'CAA section 111 or elsewhere' for the section 202 reference.","None of these provisions encompass GHG emissions, and all support the conclusion that Congress does not presume that general authorities in the CAA encompass international emissions. Rather, Congress…",vehicle_fr
sprm|7#7,"Interpretation of ""significantly""",legal_text,"Congress's use of ""significantly"" only in section 111 (and three other places) shows intent that EPA regulate only source categories responsible for a meaningfully large portion of the harm.","Congress's intentional addition of ""significantly"" in CAA section 111 is evidence of an intentional design, under this section in particular, for the EPA to regulate only when a source category is responsible for a mean…",extended_or_reframed,"The vehicle documents merely note in passing that section 111 uses the different phrase ""significantly contribute"" (as evidence that Congress set distinct triggers for distinct source types), whereas the SPRM builds an affirmative interpretive theory from the rarity of ""significantly"" in the CAA (o…","For example, CAA section 111(b)(1)(A) authorizes the EPA to regulate emissions from listed categories of stationary sources if the Administrator determines those sources emit air pollutants that ""sig…",vehicle_rtc
sprm|7#8,"Interpretation of ""significantly""",futility_contribution,U.S. fossil fuel-fired power plants' 3.0 percent share of global GHG emissions cannot demonstrate a significant contribution to globally driven climate harms.,"It is thus challenging for a single source category's contribution to the global total to demonstrate significant adverse impacts; in 2022, fossil fuel-fired power plants in the United States contributed 3.0 percent of …",extended_or_reframed,The SPRM supplies a new source-category-specific evidentiary figure (3.0 percent of 2022 global GHG emissions from U.S. fossil fuel-fired power plants) and ties the small-share/futility reasoning to section 111's stronger 'significantly contributes' threshold rather than section 202(a)'s 'cause or …,The Administrator used annual emissions data for existing motor vehicles and engines from 2005 to project that all potential classes of new motor vehicles and engines would emit four GHGs ... that co…,vehicle_fr
sprm|7#9,"Interpretation of ""significantly""",legal_text,"Section 111(b)(1)(A) requires considering a source category's contribution to the endangerment itself, not merely to the air pollution, and no single U.S. source category can meet that threshold for global climate change.","Additionally, the EPA is proposing to interpret CAA section 111(b)(1)(A) as requiring the Agency to consider a source category's contribution to the endangerment caused by air pollution, rather than to just the air poll…",extended_or_reframed,The SPRM ports the vehicle's 'contribution-to-endangerment' single-causal-chain reading onto section 111(b)(1)(A)'s distinct 'significantly' modifier and adds the new conclusion that no individual U.S. stationary source category can cross that threshold for global climate change.,the emission must cause or contribute to the danger posed by the air pollution to a sufficient extent to satisfy the standard for regulation.,vehicle_fr
sprm|7#10,"Interpretation of ""significantly""",legal_text,EPA proposes to find Congress did not intend section 111 to be used to regulate power plant GHGs based on global climate change concerns.,"Thus, the EPA is proposing to find that it could not have been Congress's intent for the Agency to use CAA section 111 to regulate GHG emissions from fossil fuel-fired power plants based on global climate change concern…",extended_or_reframed,The SPRM transplants the vehicle rescission's congressional-intent theory (that the CAA was not enacted to address global climate change concerns) into CAA section 111 and ties it to a specific new statutory hook—the meaning of 'significantly' contribute in section 111(b)(1)(A)—an issue the vehicle…,"The Court did not decide the separate question of whether section 111 authorizes the regulation of GHG emissions; i.e., the Court was not reviewing whether the Clean Power Plan and 2015 NSPS were val…",vehicle_rtc
sprm|7#11,Contrast with title VI and proposed climate legislation,legal_text,"Unlike title VI, which expressly references global warming potential, the Montreal Protocol, and international cooperation, section 111 contains no reference to global impacts.","In contrast, CAA section 111 includes no references to global impacts or concerns. . . . Title VI evinces a congressional intent to address an international problem of global concern through express language, whereas CA…",same_argument_in_vehicle,"Only the statutory vehicle changes (section 111 rather than 202(a)(1)), plus a slightly more granular listing of title VI's global-facing terms (global warming potential, Montreal Protocol, international cooperation), which the vehicle RTC already invoked in substance.","When Congress wanted to address depletion of the ozone layer, it enacted an entirely new title with different authorities that speak expressly to that issue and its relation to global concerns.",vehicle_rtc
sprm|7#12,Contrast with title VI and proposed climate legislation,legal_text,"Failed climate legislation such as the American Clean Energy and Security Act of 2009 shows Congress understood new express authority would be needed to address global climate change, confirming section 111 does not supply it.","Congress understood that addressing global climate change concerns would have required a novel legislative approach, and this legislative proposal would have added express provisions to the CAA addressing these concerns…",extended_or_reframed,The SPRM adds a section 111-specific hook—that H.R. 2454 would have expressly promoted CCS (a stationary-source control technology) while section 111 contains no reference to global climate change or international concerns—whereas the vehicle documents framed the same failed-legislation evidence ar…,"Similarly, the American Clean Energy and Security Act of 2009 would have required international cooperation and added new titles to the CAA requiring the EPA to, among other things, regulate GHG emis…",vehicle_rtc
sprm|7#13,"b. The History of CAA Section 111 Supports an Interpretation of ""Air …",legal_text,"The statutory history and structure of sections 107-110, 111, and 112 show section 111 addresses air pollution causing harm through local or regional exposure.","That is, Congress designed CAA section 111 to work in concert with sections 107-110 (establishing the NAAQS program) and section 112 (establishing the HAP program) to buttress those programs and address the same types o…",extended_or_reframed,The SPRM converts the vehicle's general legislative-history point (Senate Report's three categories of air pollution) into an affirmative structural argument that section 111 was designed to work 'in concert with' sections 107-110 (NAAQS) and 112 (HAP) to buttress those programs and thus reaches on…,"S. Rep. 91-1196, at 1, 7 (1970) ... id. at 18 (describing the three general categories of air pollution as criteria pollutants, hazardous air pollutants, and certain emissions unique to stationary so…",vehicle_fr
sprm|7#14,"b. The History of CAA Section 111 Supports an Interpretation of ""Air …",legal_text,"Criteria pollutants and HAPs regulated under the companion programs all harm health or welfare through local or regional exposure, unlike well-mixed GHGs which act only indirectly.","we use the phrase ""local or regional exposure"" to distinguish air pollution that impacts public health or welfare by its presence in the ambient air from ""air pollution"" consisting of six well-mixed GHGs that, as reflec…",extended_or_reframed,The substantive point (criteria pollutants and HAPs harm through local or regional exposure while well-mixed GHGs act only indirectly) is already made in the vehicle documents; the SPRM newly situates it in the legislative history and structure of CAA section 111 as a gap-filling provision working …,"Pollutants like criteria pollutants and air toxics harm health and welfare directly, whether through contact with the human body and the environment or by combining with other agents to cause such he…",vehicle_rtc
sprm|7#15,"b. The History of CAA Section 111 Supports an Interpretation of ""Air …",legal_text,"Congress's 1977 amendments, focused on visibility, nonattainment, and SO2, confirm it viewed section 111 as directed at locally or regionally acting pollutants.","The legislative history indicates that Congress was primarily concerned about SO2 emissions, which confirms that Congress viewed CAA section 111 as focused on air pollutants that impact health or welfare through local o…",extended_or_reframed,"The SPRM marshals section 111-specific legislative history from the 1977 Amendments (H.R. Rep. No. 95-294 at 185-93 on visibility, nonattainment, and SO2 controls for stationary sources) as the evidentiary basis for the local/regional reading, whereas the vehicle rule relied on 1965/1970/1977 histo…","and legislative debates leading up to the 1970 Amendments similarly attacked air pollution problems arising from local and regional exposure, including smog and health and welfare impacts related to …",vehicle_fr
sprm|8#0,Statutory and legislative history of CAA section 111 and its relation…,legal_text,"Congress addressed global atmospheric problems like stratospheric ozone depletion through a distinct new title rather than through CAA section 111, showing section 111 was not meant to address global problems.","And when Congress sought to address global problems--for example, stratospheric ozone depletion--it did so explicitly by enacting a new title of the CAA with a distinct set of provisions addressing the unique problem.",same_argument_in_vehicle,Nothing of substance—the SPRM merely applies the same Title VI 'Congress legislates expressly for global problems' inference to section 111 instead of section 202(a)(1).,"When Congress wanted to address depletion of the ozone layer, it enacted an entirely new title with different authorities that speak expressly to that issue and its relation to global concerns.",vehicle_rtc
sprm|8#1,Statutory and legislative history of CAA section 111,legal_text,"The 1990 Amendments confirm Congress's continued focus on criteria pollutants, HAPs, and acid rain pollutants that harm through local or regional exposure, and amended section 111(f) to reflect national consistency and mobility concerns.",Congress also expressly linked CAA section 111 regulations to the national consistency and mobility concerns animating earlier legislation by amending CAA section 111(f) to specify that the EPA must consider the mobilit…,extended_or_reframed,"The SPRM adds a new statutory hook — the 1990 amendment to CAA section 111(f) directing EPA to weigh the mobility and competitive nature of industries when prioritizing source categories — as affirmative evidence that section 111 was tied to national-consistency/local-pollution concerns, a provisio…","More generally, Congress made this change in the same title of the 1990 CAA Amendments that added various means to combat criteria pollutants that form from the emission of various pollutants on a lo…",vehicle_rtc
sprm|8#2,Statutory and legislative history of CAA section 111,legal_text,"Congress designed CAA sections 107-110 and 112 to address pollutants that harm health or welfare through direct local or regional exposure, and section 111 was designed to work in concert with those provisions, so it reaches the same types of air pollution.","Thus, Congress designed sections 107-110 and section 112 to address air pollutants and air pollution that adversely impact health or welfare through direct exposure at the local or regional levels.",extended_or_reframed,"The SPRM builds a new structural argument that sections 107-110 and 112 were specifically designed for direct local/regional exposure harms and that section 111 was enacted to operate 'in concert' with those programs, thereby importing the same limitation into section 111 — a statutory hook and rea…","This includes a review of named air pollutants throughout CAA section 202 and elsewhere in the CAA, including the criteria pollutant provisions added to CAA section 202(b) alongside enactment of CAA …",vehicle_fr
sprm|8#3,Statutory and legislative history of CAA section 111,legal_text,"Just as Congress specified pollutants of concern in CAA section 202 for mobile sources, the pollutants specified in title I inform the scope of EPA's authority under section 111.","Just as the scope of the air pollutants that Congress expressly addressed in CAA section 202 informs the breadth of the EPA's regulatory authority under that provision, the scope of the air pollutants addressed under CA…",extended_or_reframed,"The SPRM newly transposes the 'Congress-specified pollutants define the scope of the residual authority' logic onto title I, treating the pollutants addressed in CAA sections 107-110 and 112 as the interpretive limit on section 111 — a statutory hook and cross-provision inference not made in the ve…",during the first 40 years of this provision's history ... the Agency limited the scope of its regulations under CAA section 202(a)(1) to the air pollutants and air pollution problems Congress identif…,vehicle_rtc
sprm|8#4,Statutory and legislative history of CAA section 111,legal_text,"GHGs affect health or welfare only indirectly through the causal chain of global climate change, unlike the pollutants Congress designed title I to address.","GHG emissions may impact health or welfare only indirectly through on the various causal steps involved in global climate change. In other words, it is the basket of various causes and affects attributed to global clima…",same_argument_in_vehicle,"Nothing substantive—the SPRM restates the vehicle rule's indirect/attenuated causal-chain distinction (also in RTC #147, #174, #191), merely situating it against title I provisions (sections 107-110, 112) rather than section 202's pollutant list.","In contrast to the air pollution addressed expressly in CAA section 202 and elsewhere in the statute, GHGs do not endanger public health or welfare through local or regional exposure. Rather, the End…",vehicle_fr
sprm|8#5,Statutory and legislative history of CAA section 111,legal_text,"The absence of GHGs or CO2 from CAA sections 107-110, 112, and the regulatory provisions of title I is a conspicuous omission supporting a local/regional exposure reading of section 111.","We propose to find it significant that neither GHGs nor CO2 specifically (nor any of the other individual ""six well-mixed"" GHGs) appear in CAA sections 107-110 or 112. Nor are GHGs, collectively or individually, address…",extended_or_reframed,"The vehicle rule grounded the 'conspicuous omission' inference in the pollutants Congress itself listed within CAA section 202 (HC, CO, NOX, PM, benzene, formaldehyde), whereas the SPRM relocates and broadens the inference to the absence of GHGs/CO2 across CAA sections 107-110, 112 and all title I …","We find it significant that in subjecting a number of air pollutants emitted by new motor vehicles and engines to regulation under CAA section 202, Congress did not include substances that are potent…",vehicle_fr
sprm|8#6,Statutory and legislative history of CAA section 111,legal_text,Congress included no substances in title I that harm health or welfare only through indirect global atmospheric effects.,"Congress also did not include in Title I any other substances that harm public health or welfare based only on indirect effects, e.g., on elevated global concentrations in the upper atmosphere that contribute to changes…",extended_or_reframed,"The SPRM generalizes the vehicle rule's 'conspicuous omission' inference from the pollutants enumerated in CAA section 202 to the entirety of Title I (the home of section 111), a broader statutory-structure hook that the vehicle documents only gesture at ('and elsewhere in the statute').","We find it significant that in subjecting a number of air pollutants emitted by new motor vehicles and engines to regulation under CAA section 202, Congress did not include substances that are potent…",vehicle_fr
sprm|8#7,Statutory and legislative history of CAA section 111,legal_text,"EPA proposes to interpret ""air pollution"" in CAA section 111 as air pollution that itself adversely impacts health or welfare through local or regional exposure.","Thus, the EPA proposes to interpret ""air pollution"" in CAA section 111 as that which itself adversely impacts health or welfare through local or regional exposure.",extended_or_reframed,"The interpretive theory (that ""air pollution"" means pollution harming health/welfare through local or regional exposure) is identical, but the SPRM newly grounds it in the text, structure, and legislative history of CAA section 111(b)(1)(A) — a distinct statutory hook with its own ""contributes sign…",The EPA is finalizing as proposed that CAA section 202(a)(1) is best read as authorizing the Agency to regulate emissions that cause or contribute to air pollution that endangers public health or wel…,vehicle_fr
sprm|8#8,Statutory and legislative history of CAA section 111,legal_precedent,West Virginia v. EPA's description of section 111 as one of three main stationary-source programs alongside NAAQS and NESHAP reinforces that the three programs share a common scheme addressing local or regional exposure.,"The Court went on to contextualize section 111 by providing background on the two other programs, id., thus reinforcing the EPA's understanding that Congress intended these three programs to work together to effectuate …",extended_or_reframed,"The SPRM adds a new structural argument drawn from West Virginia's contextual description of section 111 as one of three main stationary-source programs (with NAAQS and NESHAP), using that grouping to infer a shared local/regional-exposure scheme for section 111 — a use of that passage and a progra…","Particularly in light of this history, the term ""air pollution"" as used in CAA section 202(a)(1) must be construed in context with the specific air pollutants and air pollution concerns identified in…",vehicle_fr
sprm|8#10,c. A Limiting Construction of CAA Section 111(b)(1)(A) Is Necessary T…,legal_text,"A limiting construction of section 111(b)(1)(A) is necessary because section 111 bifurcates listing from standard setting, so without limits EPA could list a source category based on a global concern with little connection between its emissions and the identified harm.","Without a limiting interpretation of the air pollution addressed by CAA section 111, the EPA could decide to regulate a source category based on a global concern when there is little or no connection between a source ca…",extended_or_reframed,"The SPRM grounds the need for a limiting construction in section 111's distinctive structure—the bifurcation of source-category listing from later standard setting, which would let EPA list a category on global-concern grounds with little connection between its emissions and the harm—rather than in…","A more limited construction of CAA section 202(a)(1) is the best reading of the statutory text and is necessary to avoid absurd results and nondelegation concerns. Commenters’ interpretation, which w…",vehicle_rtc
sprm|8#11,c. A Limiting Construction of CAA Section 111(b)(1)(A) Is Necessary T…,legal_precedent,"A limiting construction is needed to avoid conflict with the nondelegation doctrine, since an unbounded reading would leave EPA's authority without an intelligible principle.","To avoid the EPA promulgating standards of performance for reasons divorced from the purpose or goal of regulation under CAA section 111, and also to avoid the potential for conflict with the nondelegation doctrine, the…",same_argument_in_vehicle,"Only the statutory vehicle changes (section 111(b)(1)(A) rather than 202(a)(1)) plus a citation to FCC v. Consumers' Research for the intelligible-principle requirement; the legal theory, constitutional-avoidance reasoning, and 'no discernible limiting principle' rationale are identical.","In finalizing a different interpretation, we note that a limiting construction is necessary to avoid absurd results and potential conflict with the nondelegation doctrine. Because Congress cannot del…",vehicle_fr
sprm|8#12,c. A Limiting Construction of CAA Section 111(b)(1)(A) Is Necessary T…,legal_text,"Without a close connection requirement, EPA could promulgate standards for any policy objective so long as emissions were reduced, letting the Agency redefine the regulatory scheme's objectives contrary to Congress's prerogatives.","The EPA would be permitted to promulgate standards of performance under CAA section 111 for any purpose and to meet any policy objective, so long as those standards also have the effect of reducing emissions. Such an ex…",extended_or_reframed,"The vehicle documents already argued that an unlimited reading would let EPA redefine the regulatory scheme's objectives and usurp Congress's role (FR #192, RTC #220, #402), but the SPRM adds the specific step that, absent a close-connection requirement in CAA 111(b)(1)(A), EPA could set performanc…","Administrator in 2009 asserted authority to define the relevant ""air pollution"" without reference to any statutory limiting principle, leaving the EPA free to redefine the objectives of the regulator…",vehicle_fr
sprm|8#14,c. A Limiting Construction of CAA Section 111(b)(1)(A) Is Necessary T…,legal_precedent,"Under Loper Bright, statutes have a single best meaning fixed at enactment and section 111(b)(1)(A) contains no express delegation to define ""air pollution,"" so its ordinary meaning controls and EPA cannot redefine it to reach global climate change.","But that discretion does not extend to redefining ""air pollution"" from the local and regional exposure problems understood at the time of enactment and addressed throughout the statute to global climate change concerns.",same_argument_in_vehicle,"Nothing of substance—the SPRM quote is nearly verbatim from the vehicle final rule, with the no-express-delegation point simply relocated from section 202 to section 111(b)(1)(A).","Although ""Congress has often enacted"" statutes that ""`expressly delegate[]' to an agency the authority to give meaning to a particular statutory term,"" Loper Bright, 603 U.S. at 394-95 (quoting Batte…",vehicle_fr
sprm|8#15,c. A Limiting Construction of CAA Section 111(b)(1)(A) Is Necessary T…,legal_precedent,"""Air pollution"" is not a flexibility-conferring term like ""appropriate"" or ""reasonable,"" so it does not confer interpretive discretion.","And ""air pollution"" is not a discretion-conferring ""term or phrase that `leaves agencies with flexibility, such as `appropriate' or `reasonable.""'",same_argument_in_vehicle,"Nothing of substance—the SPRM sentence is verbatim identical to the vehicle final rule's Loper Bright/Michigan point, merely applied to CAA section 111(b)(1)(A) instead of 202(a)(1).","And ""air pollution"" is not a discretion-conferring ""term or phrase that `leaves agencies with flexibility, such as `appropriate' or `reasonable.""' Id. (quoting Michigan, 576 U.S. at 752). Under these…",vehicle_fr
sprm|8#16,c. A Limiting Construction of CAA Section 111(b)(1)(A) Is Necessary T…,legal_precedent,"EPA's method of determining the best reading through statutory text, structure, and context, and its constitutional-avoidance rationale, are supported by Louisiana v. Callais.","The EPA's approach to construing CAA section 111(b)(1)(A), as well as our proposed interpretation of that provision, are supported by the Supreme Court's recent decision in Louisiana v. Callais, 146 S. Ct. 1131, 1153-54…",extended_or_reframed,"The SPRM buttresses the same text/structure/context best-reading method and constitutional-avoidance rationale with a new authority, Louisiana v. Callais (2026), which post-dates and is nowhere cited in the vehicle rescission.","The EPA further disagrees with the suggestion that Whitman v. Am. Trucking Ass'n, 531 U.S. 457 (2001) prevents our ability to invoke the principle of constitutional avoidance.",vehicle_rtc
sprm|8#17,c. A Limiting Construction of CAA Section 111(b)(1)(A) Is Necessary T…,legal_precedent,"IGas Holdings confirms that EPA should look to text, structure, and history and should adopt a reading that avoids granting discretion so broad as to create a nondelegation problem.","In IGas Holdings, the Court noted that, ""to the extent the AIM Act is susceptible to more than one plausible construction, the EPA should read the statute to avoid granting discretion that is so broad that it could crea…",extended_or_reframed,"The SPRM adds a new supporting judicial authority — the D.C. Circuit's 2025 IGas Holdings decision (an AIM Act case) — as direct precedent that an agency should read its statute using text, structure, and history to avoid nondelegation-triggering breadth, whereas the vehicle documents rested on gen…","A more limited construction of CAA section 202(a)(1) is the best reading of the statutory text and is necessary to avoid absurd results and nondelegation concerns. Commenters' interpretation, which w…",vehicle_rtc
sprm|8#18,d. The Futility of Regulating GHG Emissions From Fossil Fuel-Fired Po…,futility_contribution,"The word ""significantly"" in section 111(b)(1)(A) requires that regulation of the source category have an appreciably more than de minimis effect on the identified harm.","Correspondingly, the effect of regulation of that source category on the adverse impacts resulting from the air pollution of interest must be something appreciably more than de minimis. That is, the effect of regulating…",extended_or_reframed,"The vehicle documents applied a de minimis/futility gloss to the unmodified 'contribute' language of section 202(a)(1) (and merely acknowledged that 111(b)'s 'significantly' is a higher bar), whereas the SPRM newly builds the affirmative interpretive step that the word 'significantly' in 111(b)(1)(…","standard in section 202(a)(1) – which requires something more than de minimis but is a lower bar than significant contribution. Third, there is significant contribution, which as commenters note is t…",vehicle_rtc
sprm|8#19,d. The Futility of Regulating GHG Emissions From Fossil Fuel-Fired Po…,futility_contribution,"Climate modeling shows that eliminating all GHG emissions from U.S. fossil fuel-fired power plants would not materially reduce the health and welfare dangers attributed to global climate change, so regulation would be futile.",the climate modeling described in section V.C demonstrates that removing all GHG emissions from fossil fuel-fired power plants (which is much more than the regulations we propose to repeal would do if fully implemented)…,extended_or_reframed,"The SPRM supplies new EPA modeling of the U.S. fossil fuel-fired power sector (rather than motor vehicles) and ties the de minimis/futility showing to the 'significantly contributes' / 'endanger' language of CAA section 111(b)(1)(A), a different statutory hook than section 202(a)(1).","the EPA is utilizing the climate modeling provided within this section to help illustrate that, even applying the assumptions of these climate models and uncertainties contained therein, that removin…",vehicle_fr
sprm|8#20,d. The Futility of Regulating GHG Emissions From Fossil Fuel-Fired Po…,futility_contribution,"Because the achievable harm reduction falls below the statutory threshold of significance, Congress did not intend section 111(b)(1)(A) to reach global climate change concerns.","Congress's use of ""significantly"" in CAA section 111(b)(1)(A) indicates that it intended the Agency to regulate under that section when doing so would have a relatively large impact on the danger; the scale of the poten…",extended_or_reframed,"The SPRM adds a new textual hook—the word ""significantly"" in section 111(b)(1)(A) as setting a threshold of relatively large harm reduction that the modeled impacts fail to meet—whereas the vehicle rule rested futility-informed interpretation on the general term ""air pollution"" and de minimis/no-fu…","the futility of GHG emission standards under CAA section 202(a)(1) further supports that the best reading of the statute does not encompass global climate change concerns within the scope of the ""air…",vehicle_fr
sprm|9#0,e. The EPA's Proposed Interpretation Is Consistent With Relevant Case…,legal_precedent,EPA's proposed interpretation of CAA section 111 is at minimum not foreclosed by the leading GHG cases.,"The EPA proposes that the interpretation of CAA section 111 set out above is, at minimum, not foreclosed by Massachusetts, AEP, American Lung Association, or West Virginia. These cases addressed distinct questions and, …",extended_or_reframed,"The vehicle documents made the same 'not foreclosed by precedent' argument (Massachusetts, AEP, American Lung, West Virginia) for section 202(a)(1), but the SPRM reframes it for section 111—where American Lung Association directly upheld the section 111 endangerment/significant-contribution finding…","Adverse commenters argued that the EPA's proposed interpretation of CAA section 202(a)(1) is foreclosed in whole or in part by precedent... Response: The EPA disagrees with these comments, many of wh…",vehicle_fr
sprm|9#1,e. The EPA's Proposed Interpretation Is Consistent With Relevant Case…,legal_precedent,"Massachusetts held only that GHGs fit the Act-wide definition of ""air pollutant"" and never addressed whether elevated GHG concentrations constitute cognizable ""air pollution.""","However, Massachusetts did not address the question whether ""air pollution"" can be interpreted to include elevated concentrations of GHGs in the atmosphere. That is, the Court did not consider whether the Act-wide defin…",same_argument_in_vehicle,"Nothing of substance—the SPRM merely restates the vehicle rule's point that Massachusetts construed only the Act-wide 'air pollutant' definition and never held GHGs are cognizable 'air pollution' meeting any regulatory standard, now phrased generically as 'any of the Act's provisions' rather than s…","The Court did not, however, separately decide whether including GHGs within the definition of ""air pollutant"" meant that we must find that GHGs meet the statutory standard for regulation under CAA se…",vehicle_fr
sprm|9#2,e. The EPA's Proposed Interpretation Is Consistent With Relevant Case…,legal_text,"Massachusetts construed CAA section 202(a)(1), which differs materially from section 111(b)(1)(A) in purpose, in requiring ""significant"" contribution, and in bifurcating findings from standard-setting.","Additionally, CAA section 111(b)(1)(A) requires the Administrator to find that a source category contributes significantly to dangerous air pollution, whereas CAA section 202(a)(1) requires only that a class of new moto…",extended_or_reframed,"The vehicle documents drew the textual 'contribute' vs. 'significantly contribute' and integrated-vs-distinct-provision distinctions to interpret section 202(a)(1), but the SPRM newly deploys those distinctions (plus a purpose difference and section 111's bifurcation of findings from standard-setti…","For example, CAA section 111(b)(1)(A) authorizes the EPA to regulate emissions from listed categories of stationary sources if the Administrator determines those sources emit air pollutants that ""sig…",vehicle_rtc
sprm|9#3,e. The EPA's Proposed Interpretation Is Consistent With Relevant Case…,legal_precedent,"UARG establishes that whether GHGs are a regulable ""air pollutant"" depends on the particular statutory context, and the Court has never analyzed ""air pollution"" under section 111(b)(1)(A).","UARG thus makes clear that the EPA's authority to regulate an ""air pollutant"" must be evaluated in the context of the particular statutory provision that confers authority to regulate, and, notably, the Court has not ye…",same_argument_in_vehicle,Only the substitution of section 111(b)(1)(A) for section 202(a)(1) as the provision the Court has not yet construed — a point the vehicle RTC already made for section 111 (noting the Court in West Virginia 'did not decide the separate question of whether section 111 authorizes the regulation of GH…,"UARG, in which the Supreme Court distinguished between ""the Act-wide definition"" of air pollutant and the application of that definition to the Act's regulatory provisions. 573 U.S. at 320.",vehicle_fr
sprm|9#4,e. The EPA's Proposed Interpretation Is Consistent With Relevant Case…,legal_precedent,"Sackett supports reading statutory terms in context rather than to the outer limits of their definitional possibilities, so ""air pollution"" in section 111(b)(1)(A) cannot be read broadly in isolation.","Similarly here, and consistent with UARG, the EPA proposes that the term ""air pollution"" in CAA section 111(b)(1)(A) cannot be interpreted broadly in isolation and does not confer unfettered discretion. Rather, the term…",extended_or_reframed,"The core contextual-reading theory (terms not read broadly in isolation, per UARG/Timbers) was already in the vehicle action; the SPRM adds new supporting authorities (Sackett and FCC v. AT&T) and applies the principle to the distinct statutory text of section 111(b)(1)(A).","The Agency is not invoking these canons for the purpose of interpreting the best reading of the key statutory term ""air pollution."" In that respect, our approach stems more generally from the proposi…",vehicle_rtc
sprm|9#5,e. The EPA's Proposed Interpretation Is Consistent With Relevant Case…,legal_precedent,"AEP and West Virginia merely confirm that section 111 delegates to EPA the decision whether and how to regulate, and none of the cases passed on the validity of the 2015 Findings.","None of these cases addresses the EPA's determination in the 2015 Findings, issued several years after AEP and not presented for decision in West Virginia, that GHG emissions from power plants satisfy the statutory stan…",extended_or_reframed,"The vehicle RTC already argued that AEP merely confirms a delegation of the 'whether and how' decision and that the questions presented in UARG/West Virginia limit their reach (rtc #512, #529), but the SPRM adds the specific new step that none of these cases—AEP predating and West Virginia not pres…","The critical point, according to the Court, was that Congress vested the EPA with the decision ""whether and how"" to regulate carbon dioxide emissions from power plants and the delegation displaces fe…",vehicle_rtc
sprm|9#6,2. Flaws in the 2015 Findings Render Them Unlawful,legal_text,Two flaws in the 2015 Findings independently and collectively render them ineffective and the subpart TTTT/TTTTa GHG regulations unlawful.,"We propose that two flaws, both independently and collectively, render the 2015 Findings ineffective and the GHG regulations in 40 CFR part 60, subparts TTTT and TTTTa unlawful.",new_in_sprm,"The framing that two specific flaws in EPA's 2015 section 111 GHG Findings independently and collectively render those findings ineffective and the subpart TTTT/TTTTa standards unlawful is not present in the retrieved vehicle passages, which concern the 2009 section 202(a) endangerment finding and …",,none
sprm|9#7,a. The EPA Erred in Combining Two Source Categories Without Undertaki…,legal_text,"By combining steam generators and combustion turbines into a single ""fossil fuel-fired electricity generating units"" category, EPA created a new source category that it was required to, but did not properly, list under section 111(b)(1)(A).","In doing so, the EPA created a new source category that should have been listed pursuant to CAA section 111(b)(1)(A), which would have required the Agency to determine that GHGs emitted from the source category cause, o…",new_in_sprm,The SPRM newly contends that EPA's 2015 combination of fossil fuel-fired steam generating units and combustion turbines into a single 'fossil fuel-fired EGU' category created a new source category requiring (but lacking) a fresh section 111(b)(1)(A) listing and accompanying significant-contribution…,"For example, CAA section 111(b)(1)(A) authorizes the EPA to regulate emissions from listed categories of stationary sources if the Administrator determines those sources emit air pollutants that ""sig…",vehicle_fr
sprm|9#8,a. The EPA Erred in Combining Two Source Categories Without Undertaki…,legal_text,The 2015 alternative finding was flawed because it rested on global climate change endangerment analyzed for section 202(a)(1) purposes rather than air pollution endangering through local or regional exposure.,"However, the EPA is now proposing that the determination in the alternative was flawed because it attempted to demonstrate endangerment based on global climate change concerns as analyzed for CAA section 202(a)(1) purpo…",extended_or_reframed,The SPRM newly applies the vehicle rule's local/regional-exposure reading of 'air pollution' (and the repudiation of the 2009 Finding and reconsideration denials) to invalidate the EPA's 2015 alternative endangerment determination for the section 111 EGU source category — a specific derivative-defe…,"We proposed that the term ""air pollution"" in CAA section 202(a)(1) is best read in context as referring to pollution that threatens public welfare through local or regional exposure, consistent with …",vehicle_fr
sprm|9#9,a. The EPA Erred in Combining Two Source Categories Without Undertaki…,legal_text,"Because EPA wrongly denied creating a new source category, the standards promulgated under section 111(b)(1)(B) lack an adequate legal basis.","Thus, the EPA is proposing to conclude that it erred in the 2015 NSPS when it took the position that it had not created a new source category, and that this error renders the regulations promulgated pursuant to CAA sect…",new_in_sprm,"The SPRM newly contends that the 2015 NSPS unlawfully combined two source categories without a fresh section 111(b)(1)(A) listing, thereby depriving the 111(b)(1)(B) standards of an adequate legal basis—a source-category-listing procedural defect never raised in the vehicle rescission.","For example, CAA section 111(b)(1)(A) authorizes the EPA to regulate emissions from listed categories of stationary sources if the Administrator determines those sources emit air pollutants that ""sig…",vehicle_rtc
sprm|9#10,b. Rescission of the 2009 Endangerment Finding Abrogates the Basis an…,legal_text,"Because the 2015 Findings borrowed the 2009 Endangerment Finding's interpretations and approach rather than independently interpreting section 111(b)(1)(A), the 2026 rescission of the 2009 Finding abrogates their legal foundation.","The EPA proposes that, because the 2015 Findings relied on the interpretations in and approach of the 2009 Endangerment Finding rather than independently interpreting and applying CAA section 111(b)(1)(A), the rescissio…",extended_or_reframed,"The SPRM extends the vehicle 'derivative actions fall with the Finding' logic to a different statutory provision, asserting specifically that the 2015 section 111(b)(1)(A) findings never independently interpreted or applied section 111's own 'contributes significantly' standard and therefore lose t…",This rescission eliminates the statutory basis for those standards because we relied on the Endangerment Finding in each rulemaking to invoke our authority under CAA section 202(a)(1) without making …,vehicle_fr
sprm|9#11,b. Rescission of the 2009 Endangerment Finding Abrogates the Basis an…,legal_text,CAA section 111(b)(1)(A) does not permit GHG regulation of power plants for many of the same reasons section 202(a)(1) does not permit GHG regulation of new motor vehicles.,"Separately, the EPA proposes that CAA section 111(b)(1)(A) does not permit the EPA to regulate GHGs from fossil fuel-fired power plants for many of the same reasons that CAA section 202(a)(1) does not allow the Agency t…",extended_or_reframed,"The vehicle rule confined its holding to CAA section 202(a)(1) (recounting the 2003 Denial's broader Act-wide view only as history and expressly declining to resolve section 111 questions), whereas the SPRM affirmatively proposes that section 111(b)(1)(A) itself does not authorize GHG regulation of…","On this basis, we concluded that GHGs ""are not air pollutants under the CAA's regulatory provisions, including sections 108, 109, 111, 112, and 202"" because they categorically are not ""air pollutant[…",vehicle_fr
sprm|9#12,b. Rescission of the 2009 Endangerment Finding Abrogates the Basis an…,legal_text,The 2015 Findings carried over the 2009 Finding's error of severing the endangerment and contribution inquiries instead of analyzing them as a single causal chain.,"The 2015 Findings took the same approach as the 2009 Endangerment Finding. In 2015, the EPA severed the endangerment and significant contribution inquiries, first adopting prior findings that GHGs endanger public health…",extended_or_reframed,"The SPRM newly applies the 'severance' error to the 2015 section 111 endangerment/significant-contribution findings (including the distinct 'significantly contribute' statutory standard), whereas the vehicle documents diagnosed severance only in the 2009 finding under section 202(a)(1).",The EPA is also finalizing as proposed that CAA section 202(a)(1) requires the Agency to evaluate whether source emissions cause or contribute to air pollution and whether that air pollution poses en…,vehicle_fr
sprm|9#13,b. Rescission of the 2009 Endangerment Finding Abrogates the Basis an…,legal_text,"EPA's endangerment approach effectively attributes all domestic and international GHG emissions to power plants, impermissibly sweeping in sources beyond the reach of section 111.","Although the statute anticipates that ""air pollution"" may reflect contributions from multiple source categories, interpreting CAA section 111(b)(1)(A) as extending to global climate change concerns results in an approac…",same_argument_in_vehicle,Essentially nothing beyond substituting section 111(b)(1)(A) for section 202(a)(1) and phrasing the defect as 'sweeping in' other source categories rather than as a contribution/endangerment gap.,"The Endangerment Finding effectively attributed the total GHG emissions coming from all of these various distinct sources within the United States, as well as from all international sources, to the m…",vehicle_fr
sprm|9#14,b. Rescission of the 2009 Endangerment Finding Abrogates the Basis an…,futility_contribution,There is a fundamental mismatch between the globally accumulated air pollution found to endanger and the annual power plant emission stream said to contribute significantly.,"Thus, there was a conceptual mismatch--a fundamental disconnect--between the ""air pollution"" that the EPA found to endanger and the annual streams of emissions that were said to contribute to that air pollution.",same_argument_in_vehicle,Nothing of substance—the SPRM simply applies the same globally-accumulated-concentrations vs. annual-emission-stream mismatch reasoning to power plants' annual emissions instead of vehicles'.,"Whereas the identified ""air pollution"" leads to endangerment because of the sum total of all emissions, past, current, and projected, from all source categories foreign and domestic, the identified c…",vehicle_fr
sprm|9#15,b. Rescission of the 2009 Endangerment Finding Abrogates the Basis an…,legal_text,The difficulty of analyzing the nexus between contribution and endangerment for GHGs shows section 111(b)(1)(A) was not designed to address global climate change.,"The difficulties in analyzing the nexus between contribution and endangerment is not a problem to be avoided, but a further reason to propose that CAA section 111(b)(1)(A) was not designed to address global climate chan…",same_argument_in_vehicle,"Nothing of substance—the SPRM reproduces the vehicle sentence nearly verbatim, merely swapping CAA section 202(a)(1) for section 111(b)(1)(A).","The difficulties in analyzing the nexus between contribution and endangerment was not a problem to be avoided, but a further reason to conclude that CAA section 202(a)(1) was not designed to address …",vehicle_fr
sprm|9#16,b. Rescission of the 2009 Endangerment Finding Abrogates the Basis an…,futility_contribution,"The 2015 Findings defined endangering air pollution as six well-mixed GHGs but assessed contribution based only on CO2, an additional material mismatch.","As a result, the ""air pollution"" defined as endangering public health or welfare included at least five additional gases that were not relevant to and not included in the EPA's significant contribution evaluation in the…",extended_or_reframed,"The same pollutant-mismatch theory is carried over, but the SPRM applies it to the 2015 Findings' own record—where the contribution evaluation rested on CO2 alone, so five of the six GHGs were excluded rather than two—using section 111 significant-contribution materials (80 FR 64531 n.110) as the n…","As a result, the ""air pollution"" identified as endangering public health or welfare included PFCs and SF6, and the ""air pollution"" used to conclude that CAA section 202(a) sources satisfy the regulat…",vehicle_fr
sprm|9#17,b. Rescission of the 2009 Endangerment Finding Abrogates the Basis an…,futility_contribution,"The 2009 Finding never assessed whether covered sources have a more than de minimis effect on the identified danger, an omission carried into the 2015 Findings.",The Administrator did not consider the extent to which emissions from CAA section 202(a)(1) sources have a more than de minimis effect on the danger identified with respect to elevated concentrations of GHGs in the uppe…,same_argument_in_vehicle,Nothing substantive—the SPRM quotes the vehicle preamble verbatim and merely observes that the same omission was inherited by the 2015 power-plant findings.,The Administrator did not consider the extent to which emissions from CAA section 202(a)(1) sources have a more than de minimis effect on the danger identified with respect to elevated concentrations…,vehicle_fr
sprm|10#0,V.A (Severance of endangerment and contribution analyses),legal_text,"Severing endangerment from cause-or-contribution lacks any limiting principle and would absurdly permit EPA to set standards of performance for water vapor, an essential, naturally occurring component of ambient air.","The logic of regulating water vapor appears absurd at first glance, but it is the same logic required to regulate GHGs under CAA section 111(b)(1)(A). Severing the analysis of endangerment from the analysis of significa…",same_argument_in_vehicle,"Nothing of substance beyond swapping the statutory citation from section 202(a)(1) to section 111(b)(1)(A) (and implicitly stationary-source emissions of water vapor); the wording, absurd-results logic, and no-limiting-principle framing are essentially verbatim from the vehicle rule.","We further conclude that severing the endangerment and cause or contribution findings leads to untenable results and lacks any limiting principle. To illustrate the problem, the same logic would allo…",vehicle_fr
sprm|10#1,V.A (Severance of endangerment and contribution analyses),legal_text,"Severance means even a trivial or de minimis contribution to elevated GHG concentrations would trigger regulation, which the statute does not contemplate.",The practical effect of severance is that even a trivial or de minimis contribution to elevated GHG concentrations by CAA section 111 sources would be sufficient to trigger regulation.,same_argument_in_vehicle,"Nothing of substance beyond swapping section 202(a) for section 111 (which, unlike 202(a), uses a 'significantly contributes' standard, though the quoted SPRM sentence does not develop that).","In the Endangerment Finding, the Administrator concluded that anything more than a trivial or de minimis contribution to elevated global GHG concentrations by CAA section 202(a) sources was sufficien…",vehicle_fr
sprm|10#2,V.A (Severance of endangerment and contribution analyses),legal_text,"The phrase ""air pollution which may reasonably be anticipated to endanger public health or welfare"" must be read as a whole so that the relevant inquiry is a source category's contribution to endangerment, not merely to air pollution.","The EPA proposes that the phrase ""air pollution which may reasonably be anticipated to endanger public health or welfare"" must be read as a whole, such that the relevant consideration is a source category's contribution…",extended_or_reframed,"The core anti-severance reading of the 'air pollution which may reasonably be anticipated to endanger' phrase is the same, but the SPRM recasts the unit of analysis as a *source category's* contribution under section 111(b)(1)(A)'s 'causes, or contributes significantly to' language — a source-categ…",The EPA is also finalizing as proposed that CAA section 202(a)(1) requires the Agency to evaluate whether source emissions cause or contribute to air pollution and whether that air pollution poses en…,vehicle_fr
sprm|10#3,V.A (Severance of endangerment and contribution analyses),legal_text,Legislative history of CAA section 111 supports the unified reading because Congress described the section as addressing sources whose emissions may contribute substantially to endangerment of public health or welfare.,"This proposed interpretation is supported by the legislative history of CAA section 111, in which Congress described this section as addressing source categories the emissions from which ""may contribute substantially to…",extended_or_reframed,"The anti-severance theory was advanced for section 202(a)(1) in the vehicle rule, but the SPRM adds a new evidentiary/authority hook — the House Report's description of CAA section 111 as addressing source categories whose emissions 'may contribute substantially to endangerment of the public health…","The EPA is also finalizing as proposed that CAA section 202(a)(1) requires issuing emission standards together with the findings necessary to invoke our regulatory authority, rather than severing the…",vehicle_fr
sprm|10#4,V.A (Severance of endangerment and contribution analyses),legal_text,"The qualifier ""significantly"" requires a strong through-line between a source category's contribution and the danger, demanding a relatively large contribution to the danger itself.","the EPA believes ""significantly"" strengthens the through-line between contribution and endangerment such that a source category must have a relatively large contribution to the danger",extended_or_reframed,"The vehicle documents only noted that section 111 contains the word ""significantly"" while disclaiming any such requirement under 202(a)(1); the SPRM newly gives ""significantly"" affirmative interpretive content — that it strengthens the contribution-endangerment through-line and demands a relatively…","The EPA does not read CAA section 202(a)(1) to require a finding that emissions from new motor vehicles themselves ""significantly contribute"" to or exclusively ""cause"" air pollution that endangers pu…",vehicle_rtc
sprm|10#5,V.A (Severance of endangerment and contribution analyses),futility_contribution,"Because even complete elimination of the source category's GHG emissions would not materially reduce the dangers attributed to global climate change, the contribution falls well short of the ""contributes significantly"" threshold.","even the complete elimination of GHG emissions from a source category would not materially address (i.e., beyond a de minimis level) the public health and welfare dangers attributed to global climate change. Such an imp…",extended_or_reframed,The SPRM ports the futility-as-contribution reasoning onto CAA section 111(b)(1)(A)'s higher 'contributes significantly' threshold—a statutory hook the vehicle documents expressly distinguished as different from (and more demanding than) section 202(a)(1)'s unmodified 'contribute'—so the a fortiori…,"if the complete elimination of a pollutant from section 202(a) sources would have no material impact on public health or welfare, it cannot be said that such sources truly ""contribute"" to the polluti…",vehicle_rtc
sprm|10#6,V.A (Severance of endangerment and contribution analyses),legal_text,Rescission of the 2009 Endangerment Finding under section 202(a)(1) nullifies the 2015 Findings by removing their legal and analytical foundation.,The EPA requests comment on its proposal that rescission of the 2009 Endangerment Finding under CAA section 202(a)(1) nullifies the 2015 Findings by removing their legal and analytical foundation.,extended_or_reframed,"The SPRM extends the vehicle rule's 'rescission removes the legal basis for dependent actions' logic beyond section 202(a) rulemakings to the distinct 2015 section 111 endangerment/contribution findings for power plants, asserting cross-provision nullification that the vehicle documents only allude…",This rescission eliminates the statutory basis for those standards because we relied on the Endangerment Finding in each rulemaking to invoke our authority under CAA section 202(a)(1) without making …,vehicle_fr
sprm|10#7,V.A (Severance of endangerment and contribution analyses),legal_text,Mismatched geographic and temporal scales and units used to evaluate endangerment versus significant contribution render the 2015 Findings flawed and insupportable.,the EPA is requesting comment on its proposed interpretation that the mismatch in the geographic and temporal scales and the units used to evaluate endangerment and significant contribution render the 2015 Findings flaw…,same_argument_in_vehicle,"Only the target of the argument changes (the 2015 section 111 Findings rather than the 2009 vehicle Endangerment Finding); the geographic/temporal/units-mismatch reasoning, including annual-versus-cumulative and domestic-versus-global framing, is already fully developed in the vehicle RTC.","The 2009 Endangerment Finding was unfaithful to the statutory scheme established in CAA section 202(a)(1) by totally severing the link between the contribution and endangerment, allowing it to assess…",vehicle_rtc
sprm|10#8,V.B Lack of Clear Congressional Authorization,major_questions,EPA lacks the clear congressional authorization required by the major questions doctrine to decide the Nation's response to global climate change through CAA section 111.,"The EPA is further proposing that the Agency lacks the ""clear congressional authorization"" required under the major questions doctrine to decide the Nation's response to global climate change concerns through applicatio…",extended_or_reframed,"The legal theory and authorities are identical, but the SPRM applies the clear-authorization holding to the question the vehicle RTC expressly left open—whether CAA section 111 itself authorizes GHG regulation in the first instance (vehicle_rtc #479 noted West Virginia ""did not decide the separate …","The EPA is also finalizing as proposed that, in addition to the basis set out above, we lack the ""clear congressional authorization"" required under the major questions doctrine to decide the Nation's…",vehicle_fr
sprm|10#9,V.B Lack of Clear Congressional Authorization,major_questions,A merely plausible textual reading of section 111(b)(1)(A) is insufficient; the major questions doctrine demands more when asserting authority over issues of vast significance.,"the EPA proposes that even if CAA section 111(b)(1)(A) could plausibly be read as authorizing the Agency to subject power plant emissions to regulatory controls based on global climate change concerns, the major questio…",same_argument_in_vehicle,"Nothing of substance beyond applying the identical 'more than a merely plausible textual basis' proposition (West Virginia, 597 U.S. at 723) to CAA section 111(b)(1)(A) instead of section 202(a)(1).","the major questions doctrine requires us to identify ""more than a merely plausible textual basis"" when asserting authority to decide a significant policy issue on Congress' behalf. Id. at 723.",vehicle_fr
sprm|10#10,V.B.1 Applicability of the Major Questions Doctrine,major_questions,"The authority asserted in the 2015 Findings presents a major question of political and economic significance, so the doctrine applies.",the EPA proposes that the major questions doctrine applies to the 2015 Findings and associated regulations because the scope of authority the Agency asserted in 2015 to respond to global climate change concerns presents…,same_argument_in_vehicle,Nothing of substance beyond directing the same 'asserted authority to address global climate change is a major question of political and economic significance' theory at the 2015 section 111 Findings rather than the section 202(a) Endangerment Finding.,"we conclude that the major questions doctrine applies to the Endangerment Finding because the global climate change concerns addressed in that action, and the mandatory duty to regulate triggered by …",vehicle_fr
sprm|10#11,V.B Lack of Clear Congressional Authorization,legal_text,"The general nature of section 111's text, contrasted with specific authorities Congress enacted elsewhere for global problems, shows Congress knew how to authorize regulation of global problems and did not do so for power plant GHGs.",The general nature of the statutory text and the more specific authorities provided to address global concerns elsewhere in the CAA indicate that Congress knew how to expressly authorize the regulation of emissions to a…,same_argument_in_vehicle,"Nothing of substance beyond swapping section 111/power plants for section 202(a)(1)/vehicles; the 'Congress knew how and did not' textual-contrast theory, including the Title VI, section 115, and 179B comparators, was already fully developed in the vehicle rule (FR #176, #233) and RTC (#208, #246, …","The general nature of the statutory text and the more specific authorities and commands throughout CAA section 202, as well as additional provisions throughout the CAA, leave no room for doubt that C…",vehicle_fr
sprm|10#12,V.B Lack of Clear Congressional Authorization,legal_text,"Because the 2015 Findings exceeded EPA's statutory authority, they should be rescinded and the associated 2015 NSPS and 2024 CPS requirements repealed.","As a result, the EPA proposes that the 2015 Findings exceeded our statutory authority and should be rescinded and that associated regulatory requirements in the 2015 NSPS and 2024 CPS must be repealed.",extended_or_reframed,"The SPRM applies the same 'exceeded statutory authority, therefore rescind and repeal' conclusion to the 2015 section 111 Findings and the 2015 NSPS/2024 CPS — a question the vehicle RTC expressly left undecided (noting West Virginia did not resolve whether section 111 authorizes GHG regulation).","On that basis, we determine that the Endangerment Finding and resulting GHG emission standards exceeded our statutory authority and must be rescinded.",vehicle_fr
sprm|10#13,V.B Lack of Clear Congressional Authorization,legal_precedent,"This proposal follows from UARG and West Virginia, is consistent with Massachusetts, and is not precluded by AEP.","This proposal follows from the Supreme Court's decisions in UARG and West Virginia and is consistent with Massachusetts. Additionally, this proposal is not precluded by AEP, which held that the CAA displaces any Federal…",same_argument_in_vehicle,"Essentially nothing new: the vehicle FR uses nearly identical framing language, and both the vehicle FR (#230) and RTC (#263, #529) already argue that AEP is not preclusive because it held only that the CAA displaces federal common-law claims and said nothing about how Congress intended EPA to exer…","That conclusion follows from the Supreme Court's decisions in UARG and West Virginia and is consistent with Massachusetts, which held that GHGs fell within the definition of ""air pollutant"" but did n…",vehicle_fr
sprm|10#14,V.B.1 Applicability of the Major Questions Doctrine,major_questions,"In 2015 EPA departed from decades of established practice by discovering in a long-extant statute an unheralded, transformative power over GHGs driven by global climate concerns rather than the ""air pollution"" title I addresses.","the EPA departed from decades of established practice in 2015 when it asserted authority over GHG emissions from power plants driven by global climate change concerns, rather than the ""air pollution"" that the CAA instru…",extended_or_reframed,"The vehicle rule made this identical 'unheralded power / departure from established practice' argument about the 2009 Endangerment Finding under section 202(a)(1) (expressly analogizing to West Virginia's treatment of section 111(d)), whereas the SPRM newly applies it to EPA's 2015 power-plant acti…","By asserting authority to regulate in response to global climate change concerns, the EPA ""`claim[ed] to discover in a long-extant statute an unheralded power' representing a `transformative expansio…",vehicle_fr
sprm|10#15,V.B.1 Applicability of the Major Questions Doctrine,major_questions,"The assertion of authority was novel and transformative, producing over a decade of high-stakes litigation and regulatory uncertainty for the power sector.",the EPA expanded its authority in a novel and transformative way that resulted in over a decade of high-stakes litigation and tremendous regulatory uncertainty for the power sector and beyond.,extended_or_reframed,"The SPRM adds the sector-specific consequence claim—that the section 111 GHG assertion generated over a decade of high-stakes litigation and regulatory uncertainty specifically for the power sector—as evidence of the novel/transformative character, whereas the vehicle documents made the novelty/tra…","By asserting authority to regulate in response to global climate change concerns, the EPA "" `claim[ed] to discover in a long- extant statute an unheralded power' representing a `transformative expans…",vehicle_fr
sprm|10#17,V.B.1 Applicability of the Major Questions Doctrine,major_questions,"It is highly unlikely Congress left to agency discretion the basic and consequential tradeoffs of how power plants generate electricity, and the Court's section 111(d) conclusion applies equally to section 111(b)(1)(A).",The EPA proposes that the Court's conclusion under section 111(d) applies equally to our assertion of authority under section 111(b)(1)(A) in the 2015 Findings.,extended_or_reframed,"The SPRM takes West Virginia's section 111(d) major-questions holding and extends it to the predicate endangerment/significant-contribution determination under section 111(b)(1)(A) for power plants — a step the vehicle RTC expressly said the Court had not decided (""The Court did not decide the sepa…","It is "" `highly unlikely that Congress would leave' to `agency discretion' the decision"" whether and how many consumers and manufacturers in the United States may use the ICE in their vehicles. West …",vehicle_fr
sprm|10#18,V.B.1 Applicability of the Major Questions Doctrine,major_questions,"Congress repeatedly considered and rejected legislation that would have authorized or required EPA to regulate GHG emissions, indicating no clear authorization.","Before the 2015 Findings, "" `Congress considered and rejected' multiple times"" legislation that would have authorized or required the EPA to regulate GHG emissions.",same_argument_in_vehicle,"Only the temporal/regulatory frame changes (""before the 2015 Findings"" for power plants rather than the 2009 Endangerment Finding); the legal theory, authorities (West Virginia at 731), and the same failed bills (H.R. 1590, H.R. 2454) are identical.","Both before and since the Endangerment Finding, "" `Congress considered and rejected' multiple times"" legislation that would have authorized or required the EPA to regulate GHG emissions from vehicles…",vehicle_fr
sprm|10#19,V.B.1 Applicability of the Major Questions Doctrine,major_questions,"When Congress has addressed GHGs, it has used specific, detailed schemes and non-regulatory tools rather than general grants of authority, showing it views such decisions as significant and not covered by general statutes.",Multiple instances of recent legislation addressing GHGs individually and through distinct regulatory approaches suggests that Congress views such policy decisions as economically and politically significant and not ade…,same_argument_in_vehicle,"Nothing of substance — the SPRM sentence is verbatim identical to the vehicle final rule passage (and repeated in RTC #699), citing the same AIM Act, 26 U.S.C. 45Q, and IRA methane charge examples, merely applied to section 111 instead of section 202(a)(1).",Multiple instances of recent legislation addressing GHGs individually and through distinct regulatory approaches suggests that Congress views such policy decisions as economically and politically sig…,vehicle_fr
sprm|10#20,V.B.1 Applicability of the Major Questions Doctrine,major_questions,The OBBBA's repeal and defunding of IRA climate measures shows an ongoing national debate and that EPA erred in resolving significant policy issues on its own in the 2015 Findings.,"This legislation, which was the product of substantial national debate and revised and rescinding funding for provisions of the IRA that were themselves the product of substantial national debate, indicates that the EPA…",same_argument_in_vehicle,Nothing substantive—only the substitution of the 2015 section 111 Findings for the section 202(a) Endangerment Finding in otherwise verbatim reasoning about the OBBBA.,"This legislation, which was the product of substantial national debate and revised and rescinding funding for provisions of the IRA that were themselves the product of substantial national debate, in…",vehicle_fr
sprm|10#21,V.B.1 Applicability of the Major Questions Doctrine,major_questions,Recent Congressional Review Act disapprovals of EPA GHG actions demonstrate the economic and political significance of GHG regulation and that Congress reserves such major questions for itself.,These disapproval resolutions further demonstrate the economic and political significance of the EPA's GHG emission regulations and reinforce the understanding that Congress intends to reserve such major questions of po…,same_argument_in_vehicle,"Nothing of substance — the SPRM sentence is verbatim identical to the vehicle final rule's discussion of the CRA disapprovals (waste emission charge rule and the three California section 209 waivers), with only minor citation differences.",These disapproval resolutions further demonstrate the economic and political significance of the EPA's GHG emission regulations and reinforce the understanding that Congress intends to reserve such m…,vehicle_fr
sprm|10#22,V.B.2 Lack of Clear Congressional Authorization,major_questions,"CAA section 111(b)(1)(A) does not clearly authorize regulation of power plant GHG emissions in response to global climate change concerns, so the 2015 Findings and remaining GHG regulations must be rescinded.",The EPA proposes that CAA section 111(b)(1)(A) does not clearly authorize the regulation of GHG emissions from fossil fuel-fired power plants in response to global climate change concerns.,extended_or_reframed,The vehicle rule applied the clear-authorization requirement to CAA section 202(a)(1)'s 'prescribe . . . standards' language for motor vehicles; the SPRM newly applies it to the distinct statutory hook of section 111(b)(1)(A)'s listing/endangerment-and-significant-contribution language for stationa…,"Under the major questions doctrine, we conclude that the EPA lacks the ""clear congressional authorization"" required for the novel approach taken in the Endangerment Finding and resulting GHG emission…",vehicle_fr
sprm|10#23,V.B.1 Applicability of the Major Questions Doctrine,legal_precedent,"UARG held that the term ""air pollutant"" does not include greenhouse gases in the PSD and title V contexts, supporting the view that general CAA terms do not reach GHGs.","In sum, the Court ""ruled that the term `air pollutant' does not include greenhouse gases, even though greenhouse gases pollute the air.""",extended_or_reframed,"The SPRM adds a new supporting authority—Justice Gorsuch's 2026 concurrence in Learning Resources, Inc. v. Trump—to characterize UARG as having held categorically that the term ""air pollutant"" does not include greenhouse gases, a broader generalization than the vehicle documents' context-specific P…","The Court held that the EPA ""exceeded its statutory authority when it interpreted the Clean Air Act to require PSD and Title V permitting for stationary sources based on their greenhouse gas emission…",vehicle_fr
sprm|11#0,Major questions doctrine analysis of CAA section 111(b)(1)(A) authori…,major_questions,"EPA proposes that West Virginia, UARG, and other major questions cases control the analysis of its CAA section 111(b)(1)(A) authority, which does not clearly authorize the regulatory power asserted in the 2015 Findings.","The EPA proposes that West Virginia, UARG, and other relevant major questions doctrine cases control the analysis of our authority under CAA section 111(b)(1)(A). As in West Virginia, our statutory authority does not cl…",extended_or_reframed,The SPRM transplants the identical 'these cases control' MQD framing onto CAA section 111(b)(1)(A) and the 2015 Findings—an application the vehicle RTC expressly flagged as undecided ('The Court did not decide the separate question of whether section 111 authorizes the regulation of GHG emissions')…,"These cases control the analysis of our authority under CAA section 202(a). As in West Virginia, our statutory authority and the findings required to invoke that authority do not clearly authorize th…",vehicle_fr
sprm|11#1,Major questions doctrine analysis of CAA section 111(b)(1)(A) authori…,major_questions,EPA proposes that the listing/contribution language of section 111 does not clearly authorize using stationary source listing to address GHG emissions based on global climate change concerns.,"And as in UARG, our statutory authority to ""include a category of sources in such list if in [the Administrator's] judgment it causes, or contributes significantly to, air pollution which may reasonably be anticipated t…",extended_or_reframed,"The SPRM ports the UARG clear-authorization point onto a different statutory hook—section 111(b)(1)(A)'s source-category listing and 'contributes significantly' language—rather than section 202(a)(1)'s authority to prescribe standards, so the object of the major-questions analysis (a listing decisi…","And as in UARG, our statutory authority to ""prescribe . . . standards"" for emissions of certain air pollutants does not clearly authorize using the CAA's vehicle-emission control scheme to address gl…",vehicle_fr
sprm|11#2,Major questions doctrine analysis of CAA section 111(b)(1)(A) authori…,major_questions,"EPA proposes that the 2015 Findings' reliance on a mere ""rational basis"" for regulating power plant CO2 shows the Agency was not relying on clear congressional authorization.","That the EPA asserted such authority based on only a ""rational basis"" is itself a strong indicator that the Agency was not relying on statutory language conferring clear congressional authorization.",extended_or_reframed,"The SPRM adds a new, section 111-specific evidentiary hook—the 2015 Findings' express reliance on a mere 'rational basis' for regulating power plant CO2—as affirmative proof that EPA itself was not claiming clear congressional authorization, whereas the vehicle documents made only the general point…",Textual plausibility is insufficient under the major questions doctrine; clear congressional authorization is needed.,vehicle_rtc
sprm|11#3,Major questions doctrine analysis of CAA section 111(b)(1)(A) authori…,major_questions,"EPA proposes that the 2015 Findings, by relying on the rescinded 2009 Endangerment Finding, share its legal flaws and erred in asserting authority to address a global problem without clear congressional authorization.","The EPA proposes that in relying on the 2009 Endangerment Finding's analysis and conclusions as the primary basis for regulating CO2 under CAA section 111, the 2015 Findings erred by asserting authority to regulate GHG …",extended_or_reframed,"The SPRM newly applies the major questions/clear-authorization defect directly to the 2015 section 111(b) Findings as a derivative legal flaw inherited from the rescinded 2009 Finding, whereas the vehicle documents applied the doctrine to the 2009 Finding under section 202(a)(1) and only noted sect…",These foreseeable consequences from the Endangerment Finding include ... that the EPA would need to expand the implications of the Endangerment Finding by regulating stationary sources through permit…,vehicle_rtc
sprm|11#4,Major questions doctrine analysis of CAA section 111(b)(1)(A) authori…,legal_precedent,EPA proposes that Massachusetts v. EPA does not bar application of the major questions doctrine here because that Court never interpreted the scope of section 111(b) authority and must be read together with later precedents.,The EPA further proposes that Massachusetts does not preclude the application of the major questions doctrine to our authority to regulate GHG emissions from fossil fuel-fired power plants under CAA section 111(b)(1)(A)…,extended_or_reframed,"The core theory (Massachusetts did not interpret the scope of regulatory authority and must be read alongside UARG/West Virginia) is already in the vehicle documents, but the SPRM newly anchors it to section 111(b)(1)(A) — a provision Massachusetts never addressed at all (a stronger textual/holding…","The EPA disagrees with the assertion that Massachusetts precludes our ability to apply the major questions doctrine to the Endangerment Finding. As discussed in RTC section 2.1.1.1.7, Massachusetts a…",vehicle_rtc
sprm|11#5,Major questions doctrine analysis of CAA section 111(b)(1)(A) authori…,legal_precedent,EPA proposes that AEP does not limit application of the major questions doctrine because AEP addressed only displacement of federal common law and not whether power plant GHGs meet the section 111 triggering standard.,The EPA further proposes that AEP does not limit our proposed application of the major questions doctrine to the 2015 Findings. . . . The Court was not presented with the question whether GHG emissions from fossil fuel-…,same_argument_in_vehicle,"Essentially nothing substantive: the SPRM applies the same AEP-is-only-about-common-law-displacement reasoning (already made by EPA in the vehicle RTC and preamble, including expressly as to section 111(d) and to the 'question presented' point) to the section 111(b)(1)(A) triggering finding for pow…","Second, the Court in its subsequent West Virginia decision rejected the commenter's argument, expressly distinguishing AEP. 597 U.S. at 730 (""The question there, however, was whether Congress wanted …",vehicle_rtc
sprm|11#6,C. Eliminating GHG Emissions From Fossil Fuel-Fired Power Plants Woul…,futility_contribution,"As an independent ground, EPA proposes it cannot or should not exercise CAA section 111 authority where regulation would have no meaningful impact on the identified dangers to public health and welfare.","As another independent ground for the rescissions and repeals, the EPA is proposing that the Agency cannot or should not exercise its regulatory authority under CAA section 111 when that exercise would have no meaningfu…",same_argument_in_vehicle,Nothing of substance beyond relabeling the futility ground as arising under CAA section 111 rather than section 202(a)(1).,The EPA is also finalizing as proposed that the Agency should not and need not make an endangerment finding under CAA section 202(a)(1) when exercising the regulatory authority conferred by that prov…,vehicle_fr
sprm|11#7,C. Eliminating GHG Emissions From Fossil Fuel-Fired Power Plants Woul…,futility_contribution,EPA proposes that modeling shows regulating power plant CO2 under section 111 would have no more than a trivial effect on key global climate change indicators tied to public health and welfare impacts.,Modeling analysis performed to evaluate the potential impacts of GHG regulations issued pursuant to CAA section 111 indicates that regulating fossil fuel-fired power plant CO2 emissions under this provision would have n…,extended_or_reframed,"The SPRM supplies EPA's own new modeling analysis specific to CAA section 111 fossil fuel-fired power plant CO2 emissions (rather than motor vehicle emissions), extending the vehicle futility/de minimis showing to a different source category and statutory provision.","Climate impact modeling submitted during the public comment period, and confirmed by our own analysis, demonstrates that even the complete elimination of all GHG emissions from all new and existing v…",vehicle_fr
sprm|11#8,C. Eliminating GHG Emissions From Fossil Fuel-Fired Power Plants Woul…,legal_text,EPA proposes that the prior approach of focusing on emission reduction potential rather than resulting health and welfare impacts is inconsistent with the best reading of the statute and with reasoned decisionmaking.,The 2015 NSPS and the EPA's subsequent attempts to establish GHG emission limitations for fossil fuel-fired EGUs avoided confronting this question by focusing on the emissions reductions potential of the regulation rath…,same_argument_in_vehicle,Nothing of substance—the SPRM merely re-labels the prior actions as the 2015 NSPS and subsequent section 111 GHG rulemakings instead of the Endangerment Finding and section 202(a) standards.,"The Endangerment Finding avoided confronting this question by severing the findings from consideration of the resulting regulations, and we focused in subsequent rulemakings on the emissions reductio…",vehicle_fr
sprm|11#9,C. Eliminating GHG Emissions From Fossil Fuel-Fired Power Plants Woul…,legal_text,"EPA proposes that section 111(b)(1)(A) directs regulation in furtherance of public health and welfare, not emission reductions that lack material health and welfare impact.","CAA section 111(b)(1)(A) instructs the EPA to regulate in furtherance of public health and welfare when a source category contributes significantly to qualifying air pollution, not to reduce emissions regardless whether…",same_argument_in_vehicle,Nothing of substance—the SPRM merely swaps in section 111(b)(1)(A) and its 'contributes significantly' trigger for section 202(a)(1) in an otherwise verbatim proposition.,"CAA section 202(a)(1) instructs the EPA to regulate in furtherance of public health and welfare, not to reduce emissions regardless whether such reductions have any material health and welfare impact.",vehicle_fr
sprm|11#10,C. Eliminating GHG Emissions From Fossil Fuel-Fired Power Plants Woul…,futility_contribution,EPA proposes that whether regulation of power plant GHGs can yield more than de minimis public health or welfare gains is relevant to applying section 111(b)(1)(A).,"Specifically, the EPA is proposing that the potential for regulations limiting GHG emission from fossil fuel-fired power plants to yield more than de minimis gains for public health or welfare is relevant and should be …",same_argument_in_vehicle,Nothing of substance beyond substituting section 111(b)(1)(A) (with its 'significantly contributes' threshold) for section 202(a)(1) as the provision to which the de minimis/futility consideration applies.,"Specifically, we are finalizing that the potential for emission standards to yield more than de minimis gains for health or welfare are relevant and should be considered when applying CAA section 202…",vehicle_fr
sprm|11#11,C. Eliminating GHG Emissions From Fossil Fuel-Fired Power Plants Woul…,futility_contribution,"EPA proposes applying the same de minimis principles used in the Endangerment Finding Rescission: general statutory language does not reach de minimis concerns, and regulation's ability to address the danger bears on whether emissions contribute significantly.","We propose to apply the same background legal principles to CAA section 111(b)(1)(A): de minimis concerns are not encompassed within the scope of general statutory language, and the ability of regulation to address iden…",same_argument_in_vehicle,Nothing of substance beyond transposing the identical de minimis/futility principles from CAA section 202(a)(1) to the 'contribute significantly' language of section 111(b)(1)(A).,"Background legal principles instruct that de minimis concerns are not encompassed within the scope of general statutory language, and the ability of regulation to address identified dangers is releva…",vehicle_fr
sprm|11#12,C. Eliminating GHG Emissions From Fossil Fuel-Fired Power Plants Woul…,futility_contribution,"EPA proposes that even complete elimination of all power plant CO2 emissions would not address risks attributed to elevated global GHG concentrations, so section 111(b)(1)(A) does not authorize or require GHG standards and retaining them would be unreasonable.",Even a complete elimination of all CO2 emissions from fossil fuel-fired power plants . . . would not address the risks attributed to phenomena associated with elevated global concentrations of GHGs. We are proposing tha…,same_argument_in_vehicle,Nothing substantive beyond substituting section 111(b)(1)(A) and fossil fuel-fired power plants for section 202(a)(1) and new motor vehicles; the same futility-as-text-and-structure theory (plus futility as an independent unreasonableness basis) was finalized in the vehicle rule.,Even a complete elimination of all GHG emissions from new motor vehicles and engines would not address the risks attributed to elevated global concentrations of GHGs. We are finalizing that this futi…,vehicle_fr
sprm|11#14,1. Background Legal Principles,legal_text,"EPA proposes that nothing in section 111 overcomes the de minimis background principle, so the provision does not encompass authority to regulate GHGs where regulation cannot have more than a trivial impact.","Nothing in the statutory language of CAA section 111 suggests that Congress intended to overcome this background principle, and both the Supreme Court and the D.C. Circuit have recognized its applicability in comparable…",same_argument_in_vehicle,"Nothing of substance—the SPRM reproduces the vehicle rule's de minimis background-principle reasoning and the identical authority string (UARG n.1, Alabama Power, EME Homer City, Ohio v. EPA), merely substituting section 111 for section 202(a)(1).","Nothing in the statutory language suggests that Congress intended to overcome this background principle, and the both the Supreme Court and the D.C. Circuit have recognized its applicability in compa…",vehicle_fr
sprm|11#15,1. Background Legal Principles,futility_contribution,"EPA proposes that because GHG limits on power plants cannot materially affect global climate change, it would be unreasonable to conclude such emissions contribute significantly to endangering air pollution or to retain the standards.",we propose that the inability of GHG emission limitations for fossil fuel-fired power plant to have any material impact on the global climate change concerns relied upon in the 2015 Findings suggests that it would be un…,extended_or_reframed,"The SPRM ports the futility/de minimis reasoning onto section 111(b)(1)(A)'s higher 'cause or contribute significantly' threshold and the 2015 Findings, and extends it to a further conclusion that existing standards cannot reasonably be retained.","Put another way, the inability of new motor vehicle and engine GHG emission standards to have any material impact on the global climate change concerns relied upon by the Agency in the 2009 Endangerm…",vehicle_fr
sprm|11#16,2. Proposed Approach for Assessing the Public Health and Welfare Impa…,science,EPA proposes using GMST and global mean sea level rise as proxies for assessing the health and welfare impacts of regulating power plant GHGs because they drove the 2009 Endangerment Finding's causal analysis.,The EPA is proposing to rely on global mean surface temperature (GMST) and global mean sea level rise (GSLR) as metrics to assess the potential magnitude of public health and welfare impacts from the regulation of power…,same_argument_in_vehicle,Nothing of substance beyond applying the identical GMST/GSLR proxy rationale to CAA section 111 power plants instead of section 202(a) vehicles.,with a particular focus on trends in GMST and GSLR--key metrics commonly derived from climate models and primary drivers of the Agency's causal analysis of endangerment in the 2009 Endangerment Findi…,vehicle_fr
sprm|11#17,2. Proposed Approach for Assessing the Public Health and Welfare Impa…,science,"EPA proposes that the claimed health risks and welfare effects are speculative, multi-faceted, and multi-causal, involving multiple causal leaps from emissions to impacts.","The nature of these specific health risks and welfare effects is speculative, multi-faceted, and multi-causal. The preceding discussion in section V.A.1.a explains the complex causal chain between the emission of ""clima…",same_argument_in_vehicle,"Nothing of substance — the SPRM reuses the vehicle rule's identical 'speculative, multi-faceted, and multi-causal' characterization and multiple-causal-leaps reasoning, merely situating it in the section 111 context.","Given the speculative, multi-faceted, and multi-causal nature of the impacts cited in the Endangerment Finding (e.g., hurricanes, floods, heat waves, ocean acidification, etc.), we used for purposes …",vehicle_fr
sprm|11#18,2. Proposed Approach for Assessing the Public Health and Welfare Impa…,legal_text,"EPA proposes that the analytical difficulties, uncertainties, and multiple causal leaps of a global air pollution framework are themselves a reason to conclude section 111(b)(1)(A) does not encompass such emissions.","There, these analytical difficulties, uncertainties, and multiple causal leaps were themselves a reason to conclude that CAA section 111(b)(1)(A) does not encompass emissions that can be said to lead to adverse health a…",same_argument_in_vehicle,"Nothing of substance—the SPRM repeats the vehicle rule's sentence virtually verbatim (and expressly cites it as 'There'), merely substituting section 111(b)(1)(A) for section 202(a)(1).","As discussed in section V.A of this preamble, the analytical difficulties, uncertainties, and multiple causal leaps involved in this exercise are themselves a reason to conclude that CAA section 202(…",vehicle_fr
sprm|11#19,3. Proposed Futility Analysis and Rationale,futility_contribution,"EPA proposes that even accepting standard climate models and their assumptions, removing all power plant CO2 emissions would not materially address the public health and welfare dangers attributed to climate change.","the EPA is proposing to utilize the climate modeling provided within this section to help illustrate that, even applying the assumptions of these climate models and uncertainties contained therein and without endorsing …",same_argument_in_vehicle,"Only the emitting sector and its emissions inputs change (power-plant CO2 via EIA AEO/NERC rather than vehicle GHGs via OMEGA/MOVES); the legal theory, arguendo-acceptance framing, and FaIR/BRICK evidentiary approach are identical, and the vehicle RTC even discussed modeling of eliminating all U.S.…","the EPA is utilizing the climate modeling provided within this section to help illustrate that, even applying the assumptions of these climate models and uncertainties contained therein, that removin…",vehicle_fr
sprm|11#20,3. Proposed Futility Analysis and Rationale,science,EPA notes significant uncertainties and ongoing disputes in climate science and modeling underlying the findings.,"The EPA recognizes that there are significant uncertainties related to climate modeling and significant, ongoing disputes regarding climate science and modeling.",same_argument_in_vehicle,"Nothing of substance—the SPRM language is essentially verbatim from the vehicle rescission (RTC 797 and FR 269), merely applied to power plants rather than vehicles.",the EPA recognizes that there are significant uncertainties related to climate modeling and recognizes that there is still significant dispute regarding climate science and modeling.,vehicle_rtc
sprm|12#0,Futility analysis modeling results (section V.C),science,"EPA's modeling shows that U.S. power plant CO2 emissions contribute only small fractions of projected increases in global CO2 concentrations, global mean surface temperature, and global sea level rise.",Emissions of CO2 from power plants in the United States are projected to contribute to 0.014 [deg]C (95 percent CI: 0.010-0.018 [deg]C) (or 2 percent) of this increase in GMST by 2050 and 0.035 [deg]C (95 percent CI: 0.…,extended_or_reframed,"The SPRM presents EPA's own new FaIR/BRICK modeling run quantifying the U.S. power-plant (stationary source) CO2 contribution to CO2 concentrations, GMST and GSLR, whereas the vehicle documents modeled only on-road vehicle exhaust (power-sector figures appeared there only as third-party MAGICC comm…",GHG emissions from on-road vehicle exhaust in the United States are projected to contribute to 0.013 [deg]C (95 percent CI: 0.009-0.017 [deg]C) (or 2 percent) of this increase in GMST by 2050 and 0.0…,vehicle_fr
sprm|12#1,Futility analysis modeling results (section V.C),futility_contribution,Even complete elimination of U.S. power plant CO2 emissions would produce only relatively minor changes in global emissions and concentrations.,emissions and global CO2 concentrations by 2050 and 2100 resulting from the complete elimination of all CO2 emissions from U.S. power plants would be relatively minor.,extended_or_reframed,"The SPRM applies the identical futility framing and near-identical phrasing to a different source category, resting on EPA's own new sector-specific modeling of complete elimination of U.S. power plant CO2 emissions (rather than on vehicle modeling or third-party commenter MAGICC power-sector estim…","As shown above, the changes in GHG emissions and global GHG concentrations by 2050 and 2100 resulting from the complete elimination of all GHG emissions from new and existing LD, MD, and HD vehicles …",vehicle_fr
sprm|12#2,Futility analysis (section V.C.2),legal_text,"EPA proposes that the appropriate indicator under CAA section 111(b)(1)(A) is impacts on public health and welfare, not emissions or concentrations, so GMST and GSLR are used as proxies.","And CAA section 111(b)(1)(a) instructs that the appropriate indicator of impact is not emissions or concentrations, but public health and welfare impacts.",same_argument_in_vehicle,Nothing of substance—the SPRM merely swaps the statutory citation from CAA section 202(a)(1) to section 111(b)(1)(A) while repeating verbatim the vehicle rule's 'appropriate indicator of impact' reasoning and its use of GMST/GSLR as proxies.,"Rather, the statute instructs that the ultimate regulatory concern is impacts from air pollution on ""health or welfare."" The appropriate indicator of impact is not emissions or concentrations, but he…",vehicle_fr
sprm|12#3,Futility analysis (section V.C.2),futility_contribution,"The 100 percent elimination scenario substantially overestimates the effect of any realistic CAA section 111 GHG regulation, as shown by the far smaller reductions projected for EPA's prior power plant rules.","None of the annual estimated CO2 emission impacts for the 2015 NSPS, 2015 CPP, 2019 ACE, or 2024 CPS approaches these totals.",extended_or_reframed,"The SPRM ports the 'elimination scenario overestimates real regulation' discount logic to section 111 and grounds it in newly marshaled evidence—the far smaller CO2 reductions EPA itself projected for the 2015 NSPS, 2015 CPP, 2019 ACE, and 2024 CPS—rather than the vehicle rule's fleet-turnover/new-…","Second, the elimination of GHG emissions from all new and existing U.S. LD, MD, and HD vehicles substantially overestimates the impacts of the EPA's GHG emission standards.",vehicle_fr
sprm|12#4,Futility analysis (section V.C.2),futility_contribution,"A 50 percent reduction scenario, used as a more realistic proxy, still yields only hundredths of a degree of avoided warming and fractions of a centimeter of avoided sea level rise, and even that overstates what section 111 standards could achieve.",these figures are likely an overestimation of the actual predicted impact of CAA section 111 GHG standards over the relevant time horizon because the 50 percent scenario does not reflect what such standards would realis…,same_argument_in_vehicle,"Nothing of substance beyond substituting section 111 power-plant standards for section 202(a) vehicle standards; the 50 percent proxy scenario, the hundredths-of-a-degree/fraction-of-a-centimeter results, and the 'overestimation given technical and statutory constraints' caveat are all taken nearly…","Note, however, that these figures are themselves likely an overestimation of the actual predicted impact of GHG emission standards over the relevant time horizon because this illustrative 50 percent …",vehicle_fr
sprm|12#5,Futility analysis (section V.C.2),futility_contribution,"EPA proposes that power plant GHG standards under section 111 would have no material (beyond de minimis) impact on key indicators of public health and welfare from global climate change, supporting that Congress did not authorize EPA to address such concerns under section 111.","This, in turn, leads us to propose that the futility of GHG emission standards under CAA section 111 further supports that global climate change concerns are not encompassed within the scope of what Congress authorized …",extended_or_reframed,"The legal theory (futility/de minimis impact informing statutory scope) is identical, but the SPRM ports it to CAA section 111(b)(1)(A) and rests it on new source-category-specific modeling of U.S. power plant GHG emissions' effect on GMST/GSLR and other health/welfare indicators rather than the ve…","these projections lead the EPA to determine that GHG emission standards under CAA section 202(a)(1) have no material impact (i.e., beyond a de minimis level) on the global climate change concerns rel…",vehicle_fr
sprm|12#6,Futility analysis (section V.C.2),science,The projected 0.035 °C temperature effect of eliminating all U.S. power plant CO2 is below the range of measurability and far smaller than recent year-to-year GMST variability.,"The predicted impacts by 2100 (0.035 [deg]C as shown in Table 5) are below the range of measurability for GMST. Additionally, GMST variability from 2016-2025 was 0.14 [deg]C, which is almost four times greater than the …",same_argument_in_vehicle,Only the sector-specific number (0.035 °C for power plants vs. 0.037 °C for vehicles) and an added citation to Lenssen (2024) GISTEMPv4 uncertainty ensemble alongside the same NOAA NCEI Climate at a Glance variability figure; the reasoning and 0.14 °C comparison are identical.,"range of measurability for GMST and likewise for GSLR (1.4 cm as shown in Table 7). Additionally, as stated previously, GMST variability from 2016-2025 was 0.14 [deg]C, which is almost four times gre…",vehicle_fr
sprm|12#7,Futility analysis (section V.C.2),legal_precedent,"Under the de minimis background principle, Congress does not include de minimis concerns in general statutory language, and impacts of around one percent have been treated as de minimis, so section 111(b)(1)(A)'s general listing instruction does not override that principle.","Congress does not include de minimis concerns in general statutory language, and agencies need not address de minimis concerns where doing so would not yield value under the statutory scheme. The general instruction in …",same_argument_in_vehicle,"Nothing of substance—the SPRM merely swaps the section 202(a)(1) 'prescribe standards' instruction for section 111(b)(1)(A)'s 'list categories of stationary sources' instruction, while relying on the identical background principle and the same string of authorities (UARG, Alabama Power, EME Homer, …","Congress does not include de minimis concerns in general statutory language, and agencies need not address de minimis concerns where doing so would yield trivial value under the statutory scheme. The…",vehicle_fr
sprm|12#8,Relevance to the best reading of CAA section 111(b)(1)(A),legal_precedent,"Although section 111 authorizes preventative regulation, EPA and courts have understood that regulation must be capable of at least a material impact on the identified danger.","in discussing the statute's preventative nature, the EPA and reviewing courts have consistently understood that regulation must be capable of having at least a material impact on the identified danger.",same_argument_in_vehicle,Nothing of substance — the SPRM reproduces the vehicle rule's preventative-regulation/material-impact proposition (and its Ethyl Corp. 541 F.2d at 29-32 citation) with 'section 111' substituted for 'section 202(a)(1)'.,"we recognize that CAA section 202(a)(1) authorizes preventative regulation that need not fully ameliorate the identified harms. But in discussing the statute's preventative nature, the EPA and review…",vehicle_fr
sprm|12#9,Relevance to the best reading of CAA section 111(b)(1)(A),legal_precedent,The proposed futility determination is a statutory-interpretation matter distinct from the cost-benefit and policy arguments rejected in Massachusetts and Coalition for Responsible Regulation.,"The proposed futility determination in this supplemental notice is different in kind from the policy arguments previously addressed in Massachusetts and Coalition, which focused on the cost-benefit balance of potential …",same_argument_in_vehicle,"Nothing of substance—the SPRM reproduces the vehicle rule's near-identical sentence, merely transposing it to the section 111(b)(1)(A) context.","The futility determination reached in this final action is different in kind from the policy arguments previously addressed in Massachusetts and Coalition for Responsible Regulation, which focused on…",vehicle_fr
sprm|12#10,Relevance to the best reading of CAA section 111(b)(1)(A),legal_text,"Section 111's ""contributes significantly"" threshold is higher than section 202(a)'s ""cause or contribute,"" indicating Congress required a stronger link between regulation and achievable harm reduction.","CAA section 111(b)(1)(A) sets a higher threshold, requiring that the regulated category of sources ""causes, or contributes significantly"" to air pollution that meets the endangerment threshold. This textual difference i…",extended_or_reframed,"The vehicle documents merely noted (and largely deflected) the textual contrast between section 111's ""significantly contribute"" and section 202(a)'s ""cause or contribute""; the SPRM affirmatively converts that contrast into a substantive holding that section 111 imposes a higher bar requiring a str…","For example, CAA section 111(b)(1)(A) authorizes the EPA to regulate emissions from listed categories of stationary sources if the Administrator determines those sources emit air pollutants that ""sig…",vehicle_rtc
sprm|12#11,Relevance to the best reading of CAA section 111(b)(1)(A),futility_contribution,"Because standards on power plant GHGs cannot materially impact the identified danger, those emissions cannot be said to contribute significantly to endangering air pollution.",the inability of GHG emission standards to have any material impact demonstrates that GHG emissions from fossil fuel-fired power plants do not contribute significantly to air pollution that endangers public,extended_or_reframed,"The SPRM ports the identical futility-equals-no-contribution syllogism onto CAA section 111(b)(1)(A)'s distinct 'contributes significantly' standard for a stationary source category (power plants), whereas the vehicle rule expressly tied the futility reasoning to the best reading of section 202(a)(…","Put another way, the inability of GHG emission standards to have any material impact demonstrates that GHG emissions from new vehicles and engines do not contribute to air pollution that endangers pu…",vehicle_fr
sprm|13#0,V. (futility/de minimis discussion preceding Section VI),futility_contribution,"De minimis principles apply to CAA authority over harms attributed to global climate change, requiring that a source category's contribution be more than trivial.",The EPA has already recognized that de minimis principles apply when considering the agency's CAA authority to address harms attributed to global climate change concerns.,same_argument_in_vehicle,"Nothing of substance—the SPRM restates verbatim the vehicle rescission's point (citing the identical 2009 EF pages) that EPA already recognized de minimis principles apply to CAA authority over climate-related harms, merely generalized from section 202(a) to the CAA.","The EPA recognized in the Endangerment Finding that CAA section 202(a) incorporates de minimis principles, stating that the contribution of motor vehicle and engine GHG emissions to the ""air pollutio…",vehicle_rtc
sprm|13#1,V. (futility/de minimis discussion),futility_contribution,The 2009 Endangerment Finding improperly evaded the de minimis limitation by severing the endangerment and contribution analyses and deferring the effectiveness question to future rulemakings.,"But the 2009 Endangerment Finding avoided consideration of this limitation by severing its endangerment and contribution analyses. . . . In this way, we deferred to future agency action any consideration whether regulat…",same_argument_in_vehicle,Nothing of substance — the SPRM reproduces nearly verbatim the vehicle rule's criticism (citing the same 74 FR 66507-08 passage) that the 2009 Endangerment Finding severed endangerment from contribution and punted the de minimis/effectiveness question to future rulemakings.,"But we avoided consideration of this limitation in the remainder of the analysis by severing the endangerment and contribution findings from the analysis of responsive regulation. . . . In this way, …",vehicle_fr
sprm|13#2,V. (futility/de minimis discussion),legal_text,Focusing on tons of emissions reduced and monetized social cost of carbon rather than on actual reductions in public health or welfare dangers was not the best reading of the statute.,"That was not consistent with the best reading of the statute, which provides that the proper focus is not on the emissions themselves, but on the possible dangers to public health or welfare.",same_argument_in_vehicle,"Nothing of substance — the SPRM reproduces the vehicle language verbatim (including the same 89 FR 29440 and 75 FR 25324 citations), merely transposed to the section 111 context.","After the Endangerment Finding, we focused on estimates of GHG emission reductions and, in RIAs not relied upon to justify the standards, attempts to monetize such reductions using the SCC methodolog…",vehicle_rtc
sprm|13#3,V. (futility/de minimis discussion),futility_contribution,EPA has never in any of its power plant GHG rulemakings considered whether the regulations would have more than a de minimis impact on the health and welfare harms attributed to climate change.,In none of these attempts did the EPA squarely consider the degree of the regulatory impacts upon the adverse public health and welfare effects attributed to global climate change concerns that served as the basis for t…,extended_or_reframed,"The SPRM applies the same 'we never examined health/welfare impacts of our own standards' concession to a different regulatory record — EPA's section 111 power plant rulemakings (2015 CPP, 2019 ACE, 2024 rule) — rather than the section 202(a) vehicle standards, adding new record-based evidence for …","Upon reviewing multiple rounds of CAA section 202(a)(1) GHG emission standard rulemakings predicated on the Endangerment Finding, however, we acknowledge that the EPA never meaningfully returned to t…",vehicle_fr
sprm|13#4,V. (futility/de minimis discussion),futility_contribution,"The 2015 NSPS itself projected only negligible CO2 emission changes, confirming the absence of meaningful impact.","The 2015 NSPS, which asserted authority to regulate CO2 emissions from fossil fuel-fired power plants in the first instance, projected only ""negligible CO2 emission changes""",extended_or_reframed,"The SPRM adds a new piece of record evidence—the 2015 power-plant NSPS's own projection of 'negligible CO2 emission changes'—as self-authenticating proof of futility for section 111 sources, rather than relying on MAGICC-style climate modeling of prior vehicle rules.","To the extent that the EPA previously conducted any impact analysis analogous to the modeling that we have done here regarding sea level rise and temperature increase, this was done in the context of…",vehicle_rtc
sprm|13#5,V. (futility/de minimis discussion),futility_contribution,"Unlike local or regional pollution, GHG-related harms are not directly reduced by emission reductions but depend on global diffusion and attenuated causal chains.","For global climate change, however, harm reductions do not occur directly as result of emission reductions. There, the linkage between the emission of the air pollutant and the harms to public health and welfare depends…",same_argument_in_vehicle,"Nothing of substance—the SPRM restates the vehicle rescission's futility/causal-attenuation contrast (local-regional pollutants yield direct harm reductions; GHG harm reduction depends on diffusion into global concentrations plus further causal chains), merely applied to section 111 sources.","The futility problem arises from the unique nature of global climate change and the inherent mismatch between climate change concerns and section 202(a)(1). Unlike GHGs, other pollutants regulated un…",vehicle_rtc
sprm|13#6,V. (futility/de minimis discussion),futility_contribution,"Because GHG harms stem from a globally diffused mass of emissions predominantly from foreign sources, non-de minimis harm reduction depends on coordinated action by many other sources, unlike traditional CAA section 111 pollutants.","The impacts from GHGs based on global climate change concerns, in contrast, stem from a collective mass of emissions that is both globally diffused and predominantly emitted by sources outside of the United States . . .…",same_argument_in_vehicle,"Essentially nothing substantive—only the substitution of section 111 pollutants for section 202(a)'s local/regional pollutants in the same globally-diffused/foreign-dominated, collective-action contrast EPA already drew.","that flexibility does not extend to the determination, made in the Endangerment Finding, that global climate change concerns must be tackled by the international community such that all nations and a…",vehicle_rtc
sprm|13#7,V. (futility/de minimis discussion),futility_contribution,"Regulation of locally or regionally harmful pollutants such as criteria pollutants yields material benefits regardless of other sources' or countries' actions, showing GHGs fall outside the traditional target of CAA section 111.","But for air pollution with local or regional exposure-based health impacts, such as criteria pollutant emissions from fossil fuel-fired power plants, regulations can have a material impact on public health and welfare r…",same_argument_in_vehicle,"Nothing substantive—the SPRM merely swaps the illustrative frame (criteria pollutants from power plants regulated under section 111, independence from other source categories) for the vehicle version's independence from stationary sources and other countries, and the vehicle RTC (#755) already stat…","Unlike the GHG emission standards, the EPA's criteria pollutant and air toxic standards protect health and welfare by reducing emissions of air pollutants that have direct effects from local and regi…",vehicle_fr
sprm|13#8,VI.A. Scope of Repeal of GHG Standards of Performance,legal_text,"Because EPA lacks statutory authority to regulate power plant emissions in response to global climate change, it must rescind the source category listing and all endangerment and significant contribution findings for fossil fuel-fired EGUs.",the conclusion that the EPA lacks statutory authority to regulate power plant emissions in response to global climate change concerns would also require rescinding the findings and determinations in the 2015 NSPS and 20…,extended_or_reframed,The SPRM extends the vehicle 'no authority to regulate for climate' holding to section 111 and applies it to a distinct set of section 111 predicates—the source category listing and the 111(b)(1)(A)-type significant contribution findings in the 2015 NSPS and 2024 CPS—which have no analogue in the s…,"On these multiple and independent bases, the EPA concludes that it lacks statutory authority to regulate GHG emissions in response to global climate change concerns under CAA section 202(a)(1)",vehicle_fr
sprm|13#15,VI.B. Impacts of Repeal of GHG Standards of Performance,legal_text,"GHGs may still be regulated where an individual gas endangers health or welfare through local or regional exposure, but a source category may not be listed or regulated based on global climate change concerns because such concerns do not satisfy the statutory standard.","However, we would not list or regulate a source category based on global climate change concerns associated with its GHG emissions because such concerns would not satisfy the statutory standard for regulation.",same_argument_in_vehicle,"Only the application of the same local/regional-versus-global distinction to the section 111 source-category listing step, without new reasoning or authority.","CAA section 202(a)(1) does not authorize regulation in response to global climate change concerns, but we agree it does authorize regulation in response to air pollution that harms through local or r…",vehicle_rtc
sprm|13#16,VI.B. Impacts of Repeal of GHG Standards of Performance,legal_text,"Grouping CO2, methane, and other gases together as ""GHGs"" obscures that each is an individual gas whose endangerment must be assessed through local or regional exposure.","each is a gas emitted into the air with individual properties that may, under certain circumstances and like any other gas, endanger public health or welfare through local or regional exposure.",same_argument_in_vehicle,"Nothing substantive—the SPRM restates the vehicle rescission's position that the six 'well-mixed GHGs' grouping lacks statutory basis and that each gas is regulable only insofar as it endangers through local or regional exposure, merely applied to section 111.","The EPA does not dispute that CO2 and the other individual GHGs (HFCs, methane, etc.) are air pollutants that can be subject to regulation as provided in the CAA. What we dispute is that CAA section …",vehicle_rtc
sprm|13#17,VI.B. Impacts of Repeal of GHG Standards of Performance,legal_precedent,"The repeals would simply restore the pre-2015 status quo that the Supreme Court confronted in AEP, which did not depend on any EPA findings or exercise of regulatory authority.",The proposed repeals would effectively return stationary source regulation to the pre-2015 status quo the Supreme Court faced in AEP. The Court in AEP did not predicate its analysis on the EPA's exercise of regulatory a…,same_argument_in_vehicle,"Only the framing that repeal 'returns to the pre-2015 status quo' the AEP Court faced is added; the substantive legal point—that AEP's displacement analysis did not depend on EPA exercising regulatory authority or issuing findings, and was itself in the section 111 context—is stated nearly verbatim…","The Supreme Court in AEP did not predicate the displacement of federal common law claims on the EPA exercising regulatory authority. Rather, in the context of CAA section 111, the Court specified tha…",vehicle_rtc
sprm|14#4,VIII.H. E.O. 13045: Protection of Children From Environmental Health …,policy,EPA asserts the repeal does not reduce existing public health protection because the NAAQS and other CAA mechanisms continue to address air quality.,This proposed action does not affect the level of public health and environmental projection already being provided by existing NAAQS and other mechanisms in the CAA.,same_argument_in_vehicle,"Nothing of substance — the SPRM restates the vehicle rule's E.O. 13045 reasoning that existing NAAQS and other CAA mechanisms continue to supply the same level of public health protection, merely applied to stationary sources.","Potential health impacts of such air pollutants will continue to be controlled through direct emissions limits and several other programs that target regional and national air quality, including the …",vehicle_fr
